"Date 2023-09-10 14.16.12","Track Imola (2022)","Session Type 10","Duration 10"
"Car","Race #","Driver","Team","Lap","Position","Fuel","Penalty","Gap","Lap Time","Sector 1","Sector 2","Sector 3","Delta RR","Delta QR","Delta RS","Delta QS","Condition","Tyres","Pressure FR","Pressure FL","Pressure RR","Pressure RL","Temp FR","Temp FL","Temp RR","Temp RL","ECU Mode","Max Speed","Peak Acceleration","Damage Front","Damage Rear","Damage Centre","Damage Right","Damage Left","Air Temp","Road Temp","Cup","Category","Nationality","Lap type","Accidents"
"Nissan GT-R Nismo GT3 (2018)","333","Ville Synkkänen (Syn)","","1","6","126,307891845703","","0L","1:55,197","0:32,440","0:34,022","0:48,735","+12,551","+13,984","+7,550","+7,636","OPTIMUM","Dry","26,153676618805","26,3925607966651","25,9658773552571","26,0769775590551","73,0634550023159","70,3434975914775","74,2322040111163","72,0261654747568","1","268 Km/h","26,447352085354","0","0","0","0","0","24,12122","24,12122","0","3","0","Regular","0"
"Nissan GT-R Nismo GT3 (2018)","333","Ville Synkkänen (Syn)","","2","5","123,405639648438","","0L","1:44,877","0:22,215","0:33,140","0:49,522","+2,231","+3,664","-2,770","-2,684","OPTIMUM","Dry","26,9933178149606","26,9861339566929","26,9906015748031","26,9026316929134","79,023690984252","73,7405276377953","82,1203897440945","78,0790449606299","1","270 Km/h","27,6099324975892","8,475586","0","8,475586","0","0","24,23651","24,23651","0","3","0","Regular","0"
"Nissan GT-R Nismo GT3 (2018)","333","Ville Synkkänen (Syn)","","3","5","120,542098999023","","0L","1:43,195","0:22,437","0:33,057","0:47,700","+0,549","+1,982","-4,452","-4,366","OPTIMUM","Dry","27,1577396015936","27,1360466334661","27,1921576693227","27,0696804581673","80,6596374900398","75,2253377290837","84,1431521713147","79,7800027689243","1","270 Km/h","22,2081427174976","8,475586","0","8,475586","0","0","24,35426","24,35426","0","3","0","Regular","0"
"Nissan GT-R Nismo GT3 (2018)","333","Ville Synkkänen (Syn)","","4","5","117,614929199219","","0L","1:42,782","0:22,132","0:32,897","0:47,752","+0,136","+1,569","-4,865","-4,779","OPTIMUM","Dry","27,2485695390782","27,1863759118236","27,3284408817635","27,1691951503006","81,5279280561122","75,6717461923848","85,4849158517034","80,744961743487","1","268 Km/h","23,2043933463796","8,475586","0","8,475586","0","0","24,46872","24,46872","0","3","0","Regular","0"
"Nissan GT-R Nismo GT3 (2018)","333","Ville Synkkänen (Syn)","","5","5","114,710914611816","Invalid lap. ","0L","1:42,715","0:21,905","0:32,952","0:47,857","+0,069","+1,502","-4,932","-4,846","OPTIMUM","Dry","27,2795195791583","27,1891014028056","27,3769856913828","27,2235079759519","81,7710747094188","75,6208880160321","85,911339759519","81,2314685370741","1","267 Km/h","22,1557000993049","8,475586","0","8,475586","0","0","24,59135","24,59135","0","3","0","Regular","0"
"Nissan GT-R Nismo GT3 (2018)","333","Ville Synkkänen (Syn)","","6","5","111,800453186035","","0L","1:42,430","0:21,937","0:32,810","0:47,682","-0,216","+1,217","-5,217","-5,131","OPTIMUM","Dry","27,2669576056338","27,1748994567404","27,3979619517103","27,2332657746479","81,5596353118712","75,392364527163","86,0492568209255","81,2525278470825","1","267 Km/h","24,4722343594836","8,475586","0","8,475586","0","0","24,71042","24,71042","0","3","0","Regular","0"
"Nissan GT-R Nismo GT3 (2018)","333","Ville Synkkänen (Syn)","","7","5","108,89289855957","","0L","1:42,685","0:22,020","0:32,920","0:47,745","+0,039","+1,472","-4,962","-4,876","OPTIMUM","Dry","27,2758176305221","27,1883765261044","27,4054764658635","27,2318362248996","81,569638253012","75,4504618473896","86,0452414859438","81,1553479919679","1","267 Km/h","22,579380952381","8,475586","0","8,475586","0","0","24,83772","24,83772","0","3","0","Regular","0"
"Nissan GT-R Nismo GT3 (2018)","333","Ville Synkkänen (Syn)","","8","5","106,001770019531","","0L","1:42,710","0:22,102","0:32,997","0:47,610","+0,064","+1,497","-4,937","-4,851","OPTIMUM","Dry","27,2949302816901","27,196501529175","27,3809939839034","27,2261678470825","81,6851080482897","75,4514774044266","85,7065974647887","81,0126835412475","1","267 Km/h","22,1258192090395","8,475586","0","8,475586","0","0","24,96707","24,96707","0","3","0","Regular","0"
"Nissan GT-R Nismo GT3 (2018)","333","Ville Synkkänen (Syn)","","9","5","103,103988647461","","0L","1:42,577","0:21,922","0:32,940","0:47,715","-0,069","+1,364","-5,070","-4,984","OPTIMUM","Dry","27,3435071975806","27,1972447580645","27,4340981048387","27,2557838508065","82,1062664516129","75,3743667943548","86,174913266129","81,2363292540323","1","267 Km/h","23,0163896848138","8,475586","0","8,475586","0","0","25,09178","25,09178","0","3","0","Regular","0"
"Nissan GT-R Nismo GT3 (2018)","333","Ville Synkkänen (Syn)","","10","5","100,203193664551","","0L","1:42,792","0:21,940","0:33,110","0:47,742","+0,146","+1,579","-4,855","-4,769","OPTIMUM","Dry","27,3315331863727","27,2408726853707","27,3992623647295","27,2823444288577","81,895843246493","75,7431303607214","86,4040221042084","81,4273080761523","1","267 Km/h","23,3739019607843","8,475586","0","8,475586","0","0","25,22373","25,22373","0","3","0","Regular","0"
"Nissan GT-R Nismo GT3 (2018)","333","Ville Synkkänen (Syn)","","11","5","97,3131561279297","Invalid lap. ","0L","1:43,172","0:22,032","0:33,127","0:48,012","+0,526","+1,959","-4,475","-4,389","OPTIMUM","Dry","27,3342385258964","27,2734473904382","27,3265689641434","27,2756549003984","81,837612250996","75,9960365537849","86,0904227689243","81,2712143824701","1","267 Km/h","21,209900990099","8,475586","0","8,475586","0","0","25,34966","25,34966","0","3","0","Regular","0"
"Nissan GT-R Nismo GT3 (2018)","333","Ville Synkkänen (Syn)","","12","5","94,4080657958984","","0L","1:42,787","0:22,022","0:32,992","0:47,772","+0,141","+1,574","-4,860","-4,774","OPTIMUM","Dry","27,3711324698795","27,3036642570281","27,3671762449799","27,3217535943775","82,1357669678715","76,2246420281124","86,4272589156627","81,665254437751","1","267 Km/h","23,1165566037736","8,475586","0","8,475586","0","0","25,48121","25,48121","0","3","0","Regular","0"
"Nissan GT-R Nismo GT3 (2018)","333","Ville Synkkänen (Syn)","","13","5","91,4975204467774","","0L","1:42,875","0:22,012","0:33,037","0:47,825","+0,229","+1,662","-4,772","-4,686","OPTIMUM","Dry","27,3867156913828","27,3254056312625","27,3852358517034","27,3398896993988","82,2125726853707","76,3655960521042","86,5298596593187","81,7686512024048","1","267 Km/h","21,2185324553151","8,475586","0","8,475586","0","0","25,60487","25,60487","0","3","0","Regular","0"
"Nissan GT-R Nismo GT3 (2018)","333","Ville Synkkänen (Syn)","","14","5","88,5986404418945","","0L","1:42,695","0:22,025","0:32,945","0:47,725","+0,049","+1,482","-4,952","-4,866","OPTIMUM","Dry","27,4195104609218","27,3746151703407","27,4310112224449","27,3708701402806","82,4704596392786","76,7944661923848","86,922959759519","82,0076389579158","1","267 Km/h","20,8329457364341","8,475586","0","8,475586","0","0","25,73181","25,73181","0","3","0","Regular","0"
"Nissan GT-R Nismo GT3 (2018)","333","Ville Synkkänen (Syn)","","15","5","85,7007293701172","","0L","1:42,920","0:22,010","0:33,012","0:47,897","+0,274","+1,707","-4,727","-4,641","OPTIMUM","Dry","27,3766672289157","27,3890863855422","27,4513242771084","27,4146128915663","81,9426516666667","76,8636819477912","87,0530290963855","82,3817661646586","1","267 Km/h","23,7212204724409","8,475586","0","8,475586","0","0","25,85455","25,85455","0","3","0","Regular","0"
"Nissan GT-R Nismo GT3 (2018)","333","Ville Synkkänen (Syn)","","16","5","82,8166427612305","","0L","1:43,050","0:22,030","0:33,290","0:47,730","+0,404","+1,837","-4,597","-4,511","OPTIMUM","Dry","27,37518438","27,40312218","27,44591832","27,43797104","81,84845286","76,93114248","86,91796756","82,5463301","1","267 Km/h","23,2065329512894","8,475586","0","8,475586","0","0","25,9664","25,9664","0","3","0","Regular","0"
"Nissan GT-R Nismo GT3 (2018)","333","Ville Synkkänen (Syn)","","17","5","79,932975769043","","0L","1:42,785","0:22,077","0:33,022","0:47,685","+0,139","+1,572","-4,862","-4,776","OPTIMUM","Dry","27,366543935743","27,3817238554217","27,3949232730924","27,3843341566265","81,6837998594377","76,6335955823293","86,312121124498","81,9129679317269","1","269 Km/h","21,0744660194175","8,475586","0","8,475586","0","0","26,07754","26,15186","0","3","0","Regular","0"
"Nissan GT-R Nismo GT3 (2018)","333","Ville Synkkänen (Syn)","","18","5","77,0298538208008","","0L","1:43,120","0:22,227","0:33,062","0:47,830","+0,474","+1,907","-4,527","-4,441","OPTIMUM","Dry","27,4310163052209","27,4239418473896","27,4690695783133","27,4253613052209","82,285023815261","77,0030017269076","87,0141154016064","82,2699630923695","1","269 Km/h","21,2148960302457","8,475586","0","8,475586","0","0","26,17666","26,47145","0","3","0","Regular","0"
"Nissan GT-R Nismo GT3 (2018)","333","Ville Synkkänen (Syn)","","19","5","74,1345138549805","Invalid lap. ","0L","1:43,242","0:22,072","0:33,115","0:48,055","+0,596","+2,029","-4,405","-4,319","OPTIMUM","Dry","27,44460792","27,44055646","27,52577038","27,45072436","82,36089718","77,1103608","87,53904216","82,46846","1","267 Km/h","20,5960424710425","8,475586","0","8,475586","0","0","26,27326","26,79379","0","3","0","Regular","0"
"Nissan GT-R Nismo GT3 (2018)","333","Ville Synkkänen (Syn)","","20","5","71,251220703125","","0L","1:42,985","0:22,130","0:33,065","0:47,790","+0,339","+1,772","-4,662","-4,576","OPTIMUM","Dry","27,4520429859719","27,4293725851703","27,4880137875751","27,41106250501","82,3776657715431","76,9331847695391","87,0850658116233","81,9946338276553","1","267 Km/h","21,5815845410628","8,475586","0","8,475586","0","0","26,36225","27,10114","0","3","0","Regular","0"
"Nissan GT-R Nismo GT3 (2018)","333","Ville Synkkänen (Syn)","","21","5","68,3307571411133","","0L","1:42,947","0:22,092","0:32,957","0:47,897","+0,301","+1,734","-4,700","-4,614","OPTIMUM","Dry","27,4888000601202","27,4447880360721","27,3564309619238","27,4205870541082","82,7045539278557","77,0377641683367","86,6758225651303","82,0378519238477","1","267 Km/h","22,0830481809243","8,475586","0","8,475586","0","0","26,44048","27,37953","0","3","0","Regular","0"
"Nissan GT-R Nismo GT3 (2018)","333","Ville Synkkänen (Syn)","","22","5","65,4348449707031","","0L","1:42,977","0:21,977","0:33,182","0:47,817","+0,331","+1,764","-4,670","-4,584","OPTIMUM","Dry","27,5155103607214","27,4797147094188","27,3477989378758","27,4504411022044","82,9309742685371","77,3497697194389","86,7400255511022","82,2970173146293","1","267 Km/h","22,2951638530288","8,475586","0","8,475586","0","0","26,51693","27,65769","0","3","0","Regular","0"
"Nissan GT-R Nismo GT3 (2018)","333","Ville Synkkänen (Syn)","","23","5","62,5384941101074","","0L","1:42,747","0:22,050","0:33,057","0:47,640","+0,101","+1,534","-4,900","-4,814","OPTIMUM","Dry","27,505704008016","27,5013509218437","27,3697371543086","27,4667748897796","82,7804029659319","77,5267252705411","86,9201312024048","82,418742004008","1","267 Km/h","21,2272095332671","8,475586","0","8,475586","0","0","26,58588","27,91121","0","3","0","Regular","0"
"Nissan GT-R Nismo GT3 (2018)","333","Ville Synkkänen (Syn)","","24","5","59,6538734436035","","0L","1:42,912","0:21,950","0:33,142","0:47,820","+0,266","+1,699","-4,735","-4,649","OPTIMUM","Dry","27,5167820641283","27,4722928857715","27,3629704609218","27,4126222044088","82,849249739479","77,1774910821643","86,8030918837675","81,8081012224449","1","268 Km/h","22,2865014866204","8,475586","0","8,475586","0","0","26,65638","28,16899","0","3","0","Regular","0"
"Nissan GT-R Nismo GT3 (2018)","333","Ville Synkkänen (Syn)","","25","5","56,7635879516602","","0L","1:43,062","0:22,055","0:33,082","0:47,925","+0,416","+1,849","-4,585","-4,499","OPTIMUM","Dry","27,5081255911824","27,4633149098196","27,3225218036072","27,4193822044088","82,7129779358718","77,0378695591182","86,9284573547094","81,8324154709419","1","268 Km/h","23,5581737413623","8,475586","0","8,475586","0","0","26,72408","28,41082","0","3","0","Regular","0"
"Nissan GT-R Nismo GT3 (2018)","333","Ville Synkkänen (Syn)","","26","5","53,8686904907227","","0L","1:42,855","0:22,010","0:33,155","0:47,690","+0,209","+1,642","-4,792","-4,706","OPTIMUM","Dry","27,501406746988","27,4882627710843","27,3212618072289","27,4476365261044","82,5956013253012","77,2503529718876","86,986222811245","82,0793435140562","1","267 Km/h","21,9101259689922","8,475586","0","8,475586","0","0","26,79836","28,66624","0","3","0","Regular","0"
"Nissan GT-R Nismo GT3 (2018)","333","Ville Synkkänen (Syn)","","27","5","50,981689453125","Invalid lap. ","0L","1:42,922","0:22,150","0:33,012","0:47,760","+0,276","+1,709","-4,725","-4,639","OPTIMUM","Dry","27,5114702816901","27,5152028571429","27,3428935412475","27,4851385714286","82,6500913279678","77,4806404024145","87,1612144869215","82,419651167002","1","268 Km/h","23,1402606177606","8,475586","0","8,475586","0","0","26,87851","28,92899","0","3","0","Regular","0"
"Nissan GT-R Nismo GT3 (2018)","333","Ville Synkkänen (Syn)","","28","5","48,0767250061035","","0L","1:42,972","0:22,235","0:33,012","0:47,725","+0,326","+1,759","-4,675","-4,589","OPTIMUM","Dry","27,5296852894212","27,4913358682635","27,3166901996008","27,4677704790419","82,7850131736527","77,1772088023952","86,8334443113772","82,1839133333333","1","267 Km/h","22,8567839687194","8,475586","0","8,475586","0","0","26,96236","29,19108","0","3","0","Regular","0"
"Nissan GT-R Nismo GT3 (2018)","333","Ville Synkkänen (Syn)","","29","5","45,2076377868652","","0L","1:43,060","0:22,087","0:33,107","0:47,865","+0,414","+1,847","-4,587","-4,501","OPTIMUM","Dry","27,5372646092184","27,5108029859719","27,2775530260521","27,4672512224449","82,803448737475","77,3194737274549","86,8056706012024","82,1179904208417","1","268 Km/h","21,834375","8,475586","0","8,475586","0","0","27,05982","29,48299","0","3","0","Regular","0"
"Nissan GT-R Nismo GT3 (2018)","333","Ville Synkkänen (Syn)","","30","5","42,3125686645508","","0L","1:43,165","0:22,030","0:33,180","0:47,955","+0,519","+1,952","-4,482","-4,396","OPTIMUM","Dry","27,47825588","27,50594486","27,24677032","27,42619664","82,48528476","77,20181076","86,50583258","81,62328018","1","268 Km/h","22,3747596606975","8,475586","0","8,475586","0","0","27,16218","29,77936","0","3","0","Regular","0"
"Nissan GT-R Nismo GT3 (2018)","333","Ville Synkkänen (Syn)","","31","5","39,4028854370117","Invalid lap. ","0L","1:43,230","0:22,275","0:33,202","0:47,752","+0,584","+2,017","-4,417","-4,331","OPTIMUM","Dry","27,3813118489066","27,5049489662028","27,2623627833002","27,4343260039761","82,8930373558648","77,1176577534791","86,594474055666","81,6341815109344","1","267 Km/h","22,554093625498","8,475586","0","8,475586","0","0","27,2792","30,11017","0","3","0","Regular","0"
"Nissan GT-R Nismo GT3 (2018)","333","Ville Synkkänen (Syn)","","32","5","36,5254592895508","","0L","1:42,625","0:22,035","0:32,860","0:47,730","-0,021","+1,412","-5,022","-4,936","OPTIMUM","Dry","27,4363668674699","27,5650508032129","27,3058287148594","27,4703847188755","83,4622067670683","77,664479939759","86,983693875502","81,9305539759036","1","268 Km/h","22,7211907066796","8,475586","0","8,475586","0","0","27,4043","30,45873","0","3","0","Regular","0"
"Nissan GT-R Nismo GT3 (2018)","333","Ville Synkkänen (Syn)","","33","5","33,6557121276855","","0L","1:43,202","0:21,995","0:33,185","0:48,022","+0,556","+1,989","-4,445","-4,359","OPTIMUM","Dry","27,4386253306613","27,5665615831663","27,285799238477","27,4808094589178","83,4182849899799","77,5966872945892","86,6948956513026","81,9556162725451","1","268 Km/h","23,4537582625118","8,475586","0","8,475586","0","0","27,52826","30,80235","0","3","0","Regular","0"
"Nissan GT-R Nismo GT3 (2018)","333","Ville Synkkänen (Syn)","","34","5","30,7810764312744","Invalid lap. ","0L","1:42,917","0:22,195","0:33,107","0:47,615","+0,271","+1,704","-4,730","-4,644","OPTIMUM","Dry","27,34778434","27,55568108","27,26567976","27,47665758","83,63970136","77,39754146","86,39950842","81,82656496","1","271 Km/h","21,7888747553816","8,475586","0","8,475586","0","0","27,6597","31,16778","0","3","0","Regular","0"
"Nissan GT-R Nismo GT3 (2018)","333","Ville Synkkänen (Syn)","","35","4","27,9151763916016","","0L","1:43,065","0:22,060","0:33,242","0:47,762","+0,419","+1,852","-4,582","-4,496","OPTIMUM","Dry","27,3281491566265","27,5830583534136","27,3096086345382","27,4778494578313","83,6068546184739","77,5976717871486","86,7720514859438","81,7539282329317","1","269 Km/h","22,1582104228122","8,475586","0","8,475586","0","0","27,78187","31,51108","0","3","0","Regular","0"
"Nissan GT-R Nismo GT3 (2018)","333","Ville Synkkänen (Syn)","","36","4","25,0268936157227","","0L","1:42,932","0:21,977","0:33,082","0:47,872","+0,286","+1,719","-4,715","-4,629","OPTIMUM","Dry","27,351030060241","27,597088373494","27,3517810843374","27,493229437751","83,7635507630522","77,6621660843373","87,1296975702811","81,832487248996","1","268 Km/h","22,1621284755513","8,475586","0","8,475586","0","0","27,90226","31,85585","0","3","0","Regular","0"
"Nissan GT-R Nismo GT3 (2018)","333","Ville Synkkänen (Syn)","","37","4","22,1557083129883","","0L","1:42,737","0:22,117","0:32,945","0:47,675","+0,091","+1,524","-4,910","-4,824","OPTIMUM","Dry","27,386439241517","27,6311695808383","27,3743843512974","27,5196085628742","84,0577314570858","77,9425148103792","87,2904789021956","82,0325998203593","1","268 Km/h","22,2506920077973","8,475586","0","8,475586","0","0","28,01004","32,1736","0","3","0","Regular","0"
"Nissan GT-R Nismo GT3 (2018)","333","Ville Synkkänen (Syn)","","38","3","19,264928817749","","0L","1:43,075","0:22,050","0:33,287","0:47,737","+0,429","+1,862","-4,572","-4,486","OPTIMUM","Dry","27,38355526","27,65558964","27,35557132","27,53241672","83,96226016","78,13146492","87,0290834","82,1005936","1","268 Km/h","22,8426049618321","8,475586","0","8,475586","0","0","28,09753","32,44234","0","3","0","Regular","0"
"Nissan GT-R Nismo GT3 (2018)","333","Ville Synkkänen (Syn)","","39","3","16,3748874664307","","0L","1:43,292","0:22,065","0:33,240","0:47,987","+0,646","+2,079","-4,355","-4,269","OPTIMUM","Dry","27,3990909780439","27,6907082634731","27,3649509780439","27,5598778642715","84,0696794411178","78,4428703792415","87,0723759680639","82,332233512974","1","268 Km/h","23,2417037754114","8,475586","0","8,475586","0","0","28,17131","32,68273","0","3","0","Regular","0"
"Nissan GT-R Nismo GT3 (2018)","333","Ville Synkkänen (Syn)","","40","3","13,4832801818848","","0L","1:43,342","0:21,992","0:33,200","0:48,150","+0,696","+2,129","-4,305","-4,219","OPTIMUM","Dry","27,3743174103586","27,6703948804781","27,3518698605578","27,5506376494024","83,769416314741","78,1890669920319","86,8939108167331","82,1937782071713","1","268 Km/h","23,1270717703349","8,475586","0","8,475586","0","0","28,224","32,86987","0","3","0","Regular","0"
"Nissan GT-R Nismo GT3 (2018)","333","Ville Synkkänen (Syn)","","41","3","10,7786130905151","","0L","2:02,165","0:22,027","0:33,140","","+19,519","+20,952","+14,518","+14,604","OPTIMUM","Dry","27,4158355837563","27,6903629780034","27,2951989170897","27,5012175126904","84,1692862098139","78,3644610321489","86,2709778341794","81,6463735194585","1","268 Km/h","22,8972492552135","8,475586","0","8,475586","0","0","28,26821","33,05064","0","3","0","Inlap","0"
"Nissan GT-R Nismo GT3 (2018)","333","Adam Long (Lon)","","42","4","0","Invalid lap. ","0L","2:42,825","","0:33,440","0:48,805","+60,179","+61,612","+55,178","+55,264","","Wet","0","0","0","0","0","0","0","0","1","0 Km/h","0","0","0","0","0","0","0","0","0","3","0","Outlap","0"
"Nissan GT-R Nismo GT3 (2018)","333","Adam Long (Lon)","","43","4","0","Invalid lap. ","0L","1:44,532","0:23,050","0:33,325","0:48,157","+1,886","+3,319","-3,115","-3,029","","Wet","0","0","0","0","0","0","0","0","1","0 Km/h","0","0","0","0","0","0","0","0","0","3","0","Regular","0"
"Nissan GT-R Nismo GT3 (2018)","333","Adam Long (Lon)","","44","4","0","","0L","1:43,287","0:22,260","0:33,007","0:48,020","+0,641","+2,074","-4,360","-4,274","","Wet","0","0","0","0","0","0","0","0","1","0 Km/h","0","0","0","0","0","0","0","0","0","3","0","Regular","0"
"Nissan GT-R Nismo GT3 (2018)","333","Adam Long (Lon)","","45","4","0","","0L","1:42,895","0:22,135","0:32,945","0:47,815","+0,249","+1,682","-4,752","-4,666","","Wet","0","0","0","0","0","0","0","0","1","0 Km/h","0","0","0","0","0","0","0","0","0","3","0","Regular","0"
"Nissan GT-R Nismo GT3 (2018)","333","Adam Long (Lon)","","46","4","0","Invalid lap. ","0L","1:43,185","0:22,172","0:33,037","0:47,975","+0,539","+1,972","-4,462","-4,376","","Wet","0","0","0","0","0","0","0","0","1","0 Km/h","0","0","0","0","0","0","0","0","0","3","0","Regular","0"
"Nissan GT-R Nismo GT3 (2018)","333","Adam Long (Lon)","","47","4","0","","0L","1:42,927","0:22,257","0:33,042","0:47,627","+0,281","+1,714","-4,720","-4,634","","Wet","0","0","0","0","0","0","0","0","1","0 Km/h","0","0","0","0","0","0","0","0","0","3","0","Regular","0"
"Nissan GT-R Nismo GT3 (2018)","333","Adam Long (Lon)","","48","4","0","","0L","1:42,850","0:22,115","0:32,902","0:47,832","+0,204","+1,637","-4,797","-4,711","","Wet","0","0","0","0","0","0","0","0","1","0 Km/h","0","0","0","0","0","0","0","0","0","3","0","Regular","0"
"Nissan GT-R Nismo GT3 (2018)","333","Adam Long (Lon)","","49","4","0","","0L","1:42,877","0:21,997","0:32,975","0:47,905","+0,231","+1,664","-4,770","-4,684","","Wet","0","0","0","0","0","0","0","0","1","0 Km/h","0","0","0","0","0","0","0","0","0","3","0","Regular","0"
"Nissan GT-R Nismo GT3 (2018)","333","Adam Long (Lon)","","50","4","0","Invalid lap. ","0L","1:42,952","0:21,932","0:33,135","0:47,885","+0,306","+1,739","-4,695","-4,609","","Wet","0","0","0","0","0","0","0","0","1","0 Km/h","0","0","0","0","0","0","0","0","0","3","0","Regular","0"
"Nissan GT-R Nismo GT3 (2018)","333","Adam Long (Lon)","","51","4","0","","0L","1:42,685","0:22,087","0:32,917","0:47,680","+0,039","+1,472","-4,962","-4,876","","Wet","0","0","0","0","0","0","0","0","1","0 Km/h","0","0","0","0","0","0","0","0","0","3","0","Regular","0"
"Nissan GT-R Nismo GT3 (2018)","333","Adam Long (Lon)","","52","4","0","","0L","1:42,900","0:22,037","0:32,987","0:47,875","+0,254","+1,687","-4,747","-4,661","","Wet","0","0","0","0","0","0","0","0","1","0 Km/h","0","0","0","0","0","0","0","0","0","3","0","Regular","0"
"Nissan GT-R Nismo GT3 (2018)","333","Adam Long (Lon)","","53","4","0","","0L","1:43,392","0:22,225","0:33,230","0:47,937","+0,746","+2,179","-4,255","-4,169","","Wet","0","0","0","0","0","0","0","0","1","0 Km/h","0","0","0","0","0","0","0","0","0","3","0","Regular","0"
"Nissan GT-R Nismo GT3 (2018)","333","Adam Long (Lon)","","54","4","0","","0L","1:42,677","0:22,047","0:32,995","0:47,635","+0,031","+1,464","-4,970","-4,884","","Wet","0","0","0","0","0","0","0","0","1","0 Km/h","0","0","0","0","0","0","0","0","0","3","0","Regular","0"
"Nissan GT-R Nismo GT3 (2018)","333","Adam Long (Lon)","","55","4","0","","0L","1:43,260","0:22,132","0:33,205","0:47,922","+0,614","+2,047","-4,387","-4,301","","Wet","0","0","0","0","0","0","0","0","1","0 Km/h","0","0","0","0","0","0","0","0","0","3","0","Regular","0"
"Nissan GT-R Nismo GT3 (2018)","333","Adam Long (Lon)","","56","4","0","Invalid lap. ","0L","1:43,472","0:22,090","0:32,957","0:48,425","+0,826","+2,259","-4,175","-4,089","","Wet","0","0","0","0","0","0","0","0","1","0 Km/h","0","0","0","0","0","0","0","0","0","3","0","Regular","0"
"Nissan GT-R Nismo GT3 (2018)","333","Adam Long (Lon)","","57","4","0","","0L","1:43,037","0:22,117","0:33,122","0:47,797","+0,391","+1,824","-4,610","-4,524","","Wet","0","0","0","0","0","0","0","0","1","0 Km/h","0","0","0","0","0","0","0","0","0","3","0","Regular","0"
"Nissan GT-R Nismo GT3 (2018)","333","Adam Long (Lon)","","58","4","0","","0L","1:43,982","0:22,117","0:33,425","0:48,440","+1,336","+2,769","-3,665","-3,579","","Wet","0","0","0","0","0","0","0","0","1","0 Km/h","0","0","0","0","0","0","0","0","0","3","0","Regular","0"
"Nissan GT-R Nismo GT3 (2018)","333","Adam Long (Lon)","","59","4","0","","0L","1:43,162","0:22,065","0:33,167","0:47,930","+0,516","+1,949","-4,485","-4,399","","Wet","0","0","0","0","0","0","0","0","1","0 Km/h","0","0","0","0","0","0","0","0","0","3","0","Regular","0"
"Nissan GT-R Nismo GT3 (2018)","333","Adam Long (Lon)","","60","4","0","","0L","1:43,452","0:22,147","0:33,365","0:47,940","+0,806","+2,239","-4,195","-4,109","","Wet","0","0","0","0","0","0","0","0","1","0 Km/h","0","0","0","0","0","0","0","0","0","3","0","Regular","0"
"Nissan GT-R Nismo GT3 (2018)","333","Adam Long (Lon)","","61","4","0","","0L","1:43,045","0:22,075","0:33,182","0:47,787","+0,399","+1,832","-4,602","-4,516","","Wet","0","0","0","0","0","0","0","0","1","0 Km/h","0","0","0","0","0","0","0","0","0","3","0","Regular","0"
"Nissan GT-R Nismo GT3 (2018)","333","Adam Long (Lon)","","62","4","0","","0L","1:43,117","0:22,070","0:33,135","0:47,912","+0,471","+1,904","-4,530","-4,444","","Wet","0","0","0","0","0","0","0","0","1","0 Km/h","0","0","0","0","0","0","0","0","0","3","0","Regular","0"
"Nissan GT-R Nismo GT3 (2018)","333","Adam Long (Lon)","","63","4","0","","0L","1:43,340","0:22,095","0:33,260","0:47,985","+0,694","+2,127","-4,307","-4,221","","Wet","0","0","0","0","0","0","0","0","1","0 Km/h","0","0","0","0","0","0","0","0","0","3","0","Regular","0"
"Nissan GT-R Nismo GT3 (2018)","333","Adam Long (Lon)","","64","4","0","","0L","1:43,222","0:22,102","0:33,207","0:47,912","+0,576","+2,009","-4,425","-4,339","","Wet","0","0","0","0","0","0","0","0","1","0 Km/h","0","0","0","0","0","0","0","0","0","3","0","Regular","0"
"Nissan GT-R Nismo GT3 (2018)","333","Adam Long (Lon)","","65","5","0","","0L","1:44,320","0:22,087","0:33,147","0:49,085","+1,674","+3,107","-3,327","-3,241","","Wet","0","0","0","0","0","0","0","0","1","0 Km/h","0","0","0","0","0","0","0","0","0","3","0","Regular","0"
"Nissan GT-R Nismo GT3 (2018)","333","Adam Long (Lon)","","66","5","0","Invalid lap. ","0L","1:44,565","0:22,490","0:33,587","0:48,487","+1,919","+3,352","-3,082","-2,996","","Wet","0","0","0","0","0","0","0","0","1","0 Km/h","0","0","0","0","0","0","0","0","0","3","0","Regular","0"
"Nissan GT-R Nismo GT3 (2018)","333","Adam Long (Lon)","","67","5","0","","0L","1:43,502","0:22,357","0:33,147","0:47,997","+0,856","+2,289","-4,145","-4,059","","Wet","0","0","0","0","0","0","0","0","1","0 Km/h","0","0","0","0","0","0","0","0","0","3","0","Regular","0"
"Nissan GT-R Nismo GT3 (2018)","333","Adam Long (Lon)","","68","5","0","","0L","1:43,255","0:22,155","0:33,125","0:47,975","+0,609","+2,042","-4,392","-4,306","","Wet","0","0","0","0","0","0","0","0","1","0 Km/h","0","0","0","0","0","0","0","0","0","3","0","Regular","0"
"Nissan GT-R Nismo GT3 (2018)","333","Adam Long (Lon)","","69","5","0","","0L","1:43,102","0:22,012","0:33,147","0:47,942","+0,456","+1,889","-4,545","-4,459","","Wet","0","0","0","0","0","0","0","0","1","0 Km/h","0","0","0","0","0","0","0","0","0","3","0","Regular","0"
"Nissan GT-R Nismo GT3 (2018)","333","Adam Long (Lon)","","70","4","0","","0L","1:43,257","0:22,077","0:33,290","0:47,890","+0,611","+2,044","-4,390","-4,304","","Wet","0","0","0","0","0","0","0","0","1","0 Km/h","0","0","0","0","0","0","0","0","0","3","0","Regular","0"
"Nissan GT-R Nismo GT3 (2018)","333","Adam Long (Lon)","","71","4","0","","0L","1:43,290","0:22,082","0:33,162","0:48,045","+0,644","+2,077","-4,357","-4,271","","Wet","0","0","0","0","0","0","0","0","1","0 Km/h","0","0","0","0","0","0","0","0","0","3","0","Regular","0"
"Nissan GT-R Nismo GT3 (2018)","333","Adam Long (Lon)","","72","4","0","","0L","1:43,205","0:22,237","0:33,135","0:47,832","+0,559","+1,992","-4,442","-4,356","","Wet","0","0","0","0","0","0","0","0","1","0 Km/h","0","0","0","0","0","0","0","0","0","3","0","Regular","0"
"Nissan GT-R Nismo GT3 (2018)","333","Adam Long (Lon)","","73","4","0","","0L","1:42,905","0:22,002","0:33,162","0:47,740","+0,259","+1,692","-4,742","-4,656","","Wet","0","0","0","0","0","0","0","0","1","0 Km/h","0","0","0","0","0","0","0","0","0","3","0","Regular","0"
"Nissan GT-R Nismo GT3 (2018)","333","Adam Long (Lon)","","74","4","0","","0L","1:43,207","0:22,152","0:33,182","0:47,872","+0,561","+1,994","-4,440","-4,354","","Wet","0","0","0","0","0","0","0","0","1","0 Km/h","0","0","0","0","0","0","0","0","0","3","0","Regular","0"
"Nissan GT-R Nismo GT3 (2018)","333","Adam Long (Lon)","","75","3","0","Invalid lap. ","0L","1:43,057","0:22,150","0:33,140","0:47,767","+0,411","+1,844","-4,590","-4,504","","Wet","0","0","0","0","0","0","0","0","1","0 Km/h","0","0","0","0","0","0","0","0","0","3","0","Regular","0"
"Nissan GT-R Nismo GT3 (2018)","333","Adam Long (Lon)","","76","3","0","","0L","1:43,702","0:22,007","0:33,252","0:48,442","+1,056","+2,489","-3,945","-3,859","","Wet","0","0","0","0","0","0","0","0","1","0 Km/h","0","0","0","0","0","0","0","0","0","3","0","Regular","0"
"Nissan GT-R Nismo GT3 (2018)","333","Adam Long (Lon)","","77","3","0","Invalid lap. ","0L","1:45,567","0:23,392","0:33,907","0:48,267","+2,921","+4,354","-2,080","-1,994","","Wet","0","0","0","0","0","0","0","0","1","0 Km/h","0","0","0","0","0","0","0","0","0","3","0","Regular","0"
"Nissan GT-R Nismo GT3 (2018)","333","Adam Long (Lon)","","78","2","0","","0L","1:43,290","0:22,397","0:33,167","0:47,725","+0,644","+2,077","-4,357","-4,271","","Wet","0","0","0","0","0","0","0","0","1","0 Km/h","0","0","0","0","0","0","0","0","0","3","0","Regular","0"
"Nissan GT-R Nismo GT3 (2018)","333","Adam Long (Lon)","","79","3","0","","0L","1:43,767","0:22,095","0:33,810","0:47,862","+1,121","+2,554","-3,880","-3,794","","Wet","0","0","0","0","0","0","0","0","1","0 Km/h","0","0","0","0","0","0","0","0","0","3","0","Regular","0"
"Nissan GT-R Nismo GT3 (2018)","333","Adam Long (Lon)","","80","3","0","","0L","1:43,385","0:22,345","0:33,170","0:47,870","+0,739","+2,172","-4,262","-4,176","","Wet","0","0","0","0","0","0","0","0","1","0 Km/h","0","0","0","0","0","0","0","0","0","3","0","Regular","0"
"Nissan GT-R Nismo GT3 (2018)","333","Adam Long (Lon)","","81","3","0","","0L","1:43,282","0:22,250","0:33,337","0:47,695","+0,636","+2,069","-4,365","-4,279","","Wet","0","0","0","0","0","0","0","0","1","0 Km/h","0","0","0","0","0","0","0","0","0","3","0","Regular","0"
"Nissan GT-R Nismo GT3 (2018)","333","Adam Long (Lon)","","82","3","124,577033996582","","0L","2:02,790","0:22,050","0:33,292","","+20,144","+21,577","+15,143","+15,229","OPTIMUM","Dry","27,2836619417476","27,4955971359223","26,7294301456311","26,9568548058252","82,8623646601942","76,4340359708738","80,4401232524272","76,0738947572816","1","49 Km/h","0","0","0","0","0","0","29,86972","38,06762","0","3","0","Inlap","0"
"Nissan GT-R Nismo GT3 (2018)","333","Ville Synkkänen (Syn)","","83","3","121,533493041992","","0L","2:37,787","","0:33,285","0:48,082","+55,141","+56,574","+50,140","+50,226","OPTIMUM","Dry","25,542457029361","25,8963955094991","25,7093905008636","25,8178775474957","75,6632057512953","73,100061761658","79,4854172711572","77,4905007253886","1","238 Km/h","30,3155206286837","0","0","0","0","0","29,81931","37,92248","0","3","0","Outlap","0"
"Nissan GT-R Nismo GT3 (2018)","333","Ville Synkkänen (Syn)","","84","3","118,616432189941","","0L","1:43,327","0:22,107","0:33,212","0:48,007","+0,681","+2,114","-4,320","-4,234","OPTIMUM","Dry","26,453460499002","26,5120206387226","26,6543104391218","26,5528911976048","85,2020029740519","79,5620024550898","89,3775141916168","85,1960698403194","1","266 Km/h","22,4664756446991","0","0","0","0","0","29,7289","37,67143","0","3","0","Regular","0"
"Nissan GT-R Nismo GT3 (2018)","333","Ville Synkkänen (Syn)","","85","3","115,727653503418","","0L","1:42,847","0:22,047","0:33,160","0:47,640","+0,201","+1,634","-4,800","-4,714","OPTIMUM","Dry","26,63726098","26,63794714","26,78799016","26,6759302","87,19018252","80,94732612","90,8435993","86,5513164","1","266 Km/h","22,2489345063539","0","0","0","0","0","29,60191","37,32231","0","3","0","Regular","0"
"Nissan GT-R Nismo GT3 (2018)","333","Ville Synkkänen (Syn)","","86","3","112,808616638184","","0L","1:42,792","0:22,060","0:33,027","0:47,705","+0,146","+1,579","-4,855","-4,769","OPTIMUM","Dry","26,6535606412826","26,663868997996","26,7795067134269","26,6533082965932","87,4475090981964","81,3048869338677","90,8427692384769","86,4032117635271","1","266 Km/h","22,1851612903226","0","0","0","0","0","29,47133","36,96457","0","3","0","Regular","0"
"Nissan GT-R Nismo GT3 (2018)","333","Ville Synkkänen (Syn)","","87","3","109,905670166016","Invalid lap. ","0L","1:43,257","0:21,980","0:33,477","0:47,800","+0,611","+2,044","-4,390","-4,304","OPTIMUM","Dry","26,6333174451098","26,6615438323353","26,7560381836327","26,6319971057884","87,3227781237525","81,3667993013972","90,6844418163673","86,2673564071856","1","268 Km/h","24,4734604105572","0","0","0","0","0","29,34874","36,62769","0","3","0","Regular","0"
"Nissan GT-R Nismo GT3 (2018)","333","Ville Synkkänen (Syn)","","88","3","106,991722106934","","0L","1:43,287","0:22,140","0:33,355","0:47,792","+0,641","+2,074","-4,360","-4,274","OPTIMUM","Dry","26,5661733200795","26,5985052087475","26,7631824055666","26,6307808946322","86,6927209343936","80,7795072365805","90,8282204970179","86,3240434791253","1","266 Km/h","22,8081411530815","0","0","0","0","0","29,26238","36,38611","0","3","0","Regular","0"
"Nissan GT-R Nismo GT3 (2018)","333","Ville Synkkänen (Syn)","","89","3","104,046318054199","","0L","1:43,197","0:22,205","0:33,185","0:47,807","+0,551","+1,984","-4,450","-4,364","OPTIMUM","Dry","26,5211937724551","26,57060500998","26,7650075249501","26,6260448103792","86,7655183033932","80,5303332934132","90,8886823353293","86,3161659680639","1","266 Km/h","22,7102392344498","0","0","0","0","0","29,22522","36,27356","0","3","0","Regular","0"
"Nissan GT-R Nismo GT3 (2018)","333","Ville Synkkänen (Syn)","","90","3","101,120758056641","","0L","1:42,717","0:21,957","0:32,922","0:47,837","+0,071","+1,504","-4,930","-4,844","OPTIMUM","Dry","26,5544821843687","26,5936251703407","26,8028583366733","26,6604505210421","87,2226181963928","80,7797764529058","91,2926150901804","86,6842067935872","1","266 Km/h","22,170156555773","0","0","0","0","0","29,23311","36,27675","0","3","0","Regular","0"
"Nissan GT-R Nismo GT3 (2018)","333","Ville Synkkänen (Syn)","","91","3","98,2021713256836","","0L","1:42,852","0:21,995","0:32,922","0:47,935","+0,206","+1,639","-4,795","-4,709","OPTIMUM","Dry","26,5663016566866","26,6320641317365","26,8375799401198","26,7068344510978","87,3283051097804","81,1627473053892","91,6368622355289","87,1499382235529","1","266 Km/h","21,5508070866142","0","0","0","0","0","29,27317","36,36313","0","3","0","Regular","0"
"Nissan GT-R Nismo GT3 (2018)","333","Ville Synkkänen (Syn)","","92","3","95,2799453735352","","0L","1:42,952","0:22,057","0:33,002","0:47,892","+0,306","+1,739","-4,695","-4,609","OPTIMUM","Dry","26,5657439558233","26,6070581927711","26,8234443574297","26,6867661646586","87,289713313253","80,8694908835341","91,4568366666667","86,9081162851406","1","266 Km/h","22,4770323212537","0","0","0","0","0","29,32671","36,48183","0","3","0","Regular","0"
"Nissan GT-R Nismo GT3 (2018)","333","Ville Synkkänen (Syn)","","93","3","92,3615951538086","","0L","1:42,790","0:22,080","0:32,937","0:47,772","+0,144","+1,577","-4,857","-4,771","OPTIMUM","Dry","26,5596475","26,58498482","26,84125384","26,68073932","87,19492096","80,60827356","91,6110613","86,8140445","1","266 Km/h","22,5616031280547","0","0","0","0","0","29,36422","36,55662","0","3","0","Regular","0"
"Nissan GT-R Nismo GT3 (2018)","333","Ville Synkkänen (Syn)","","94","3","89,4585418701172","","0L","1:43,215","0:22,075","0:33,277","0:47,862","+0,569","+2,002","-4,432","-4,346","OPTIMUM","Dry","26,5251705976096","26,6064735059761","26,8091896613546","26,6635773306773","86,8232450996016","80,8195712948207","91,2645220517928","86,6227325896414","1","266 Km/h","22,3464723320158","0","0","0","0","0","29,3613","36,52539","0","3","0","Regular","0"
"Nissan GT-R Nismo GT3 (2018)","333","Ville Synkkänen (Syn)","","95","3","86,5445709228516","","0L","1:42,837","0:22,120","0:32,975","0:47,742","+0,191","+1,624","-4,810","-4,724","OPTIMUM","Dry","26,535620260521","26,5964191983968","26,8112270741483","26,6505335270541","86,9521538677355","80,7348966533066","91,3058004408818","86,5069177755511","1","266 Km/h","23,4525775193798","0","0","0","0","0","29,30125","36,34332","0","3","0","Regular","0"
"Nissan GT-R Nismo GT3 (2018)","333","Ville Synkkänen (Syn)","","96","3","83,6279296875","","0L","1:43,010","0:22,075","0:33,047","0:47,887","+0,364","+1,797","-4,637","-4,551","OPTIMUM","Dry","26,5439840518962","26,5816466067864","26,7864651297405","26,6116668063872","87,0986506586826","80,6403893413174","91,1072410379241","86,1614327345309","1","266 Km/h","22,0214186507937","0","0","0","0","0","29,18627","36,02022","0","3","0","Regular","0"
"Nissan GT-R Nismo GT3 (2018)","333","Ville Synkkänen (Syn)","","97","3","80,7105941772461","","0L","1:43,025","0:22,202","0:33,025","0:47,797","+0,379","+1,812","-4,622","-4,536","OPTIMUM","Dry","26,5070266666667","26,5601383233533","26,7686401397206","26,6280359680639","86,8103524151697","80,5130183632734","91,0182365668663","86,4286175249501","1","266 Km/h","23,0731311154599","0","0","0","0","0","29,01472","35,55167","0","3","0","Regular","0"
"Nissan GT-R Nismo GT3 (2018)","333","Ville Synkkänen (Syn)","","98","3","77,8081130981445","","0L","1:42,987","0:22,047","0:33,075","0:47,865","+0,341","+1,774","-4,660","-4,574","OPTIMUM","Dry","26,4598367068273","26,530321184739","26,71538562249","26,5654461646586","86,4422493574297","80,3258818072289","90,5869619076305","85,9001019477912","1","266 Km/h","21,9012790697674","0","0","0","0","0","28,81306","35,00909","0","3","0","Regular","0"
"Nissan GT-R Nismo GT3 (2018)","333","Ville Synkkänen (Syn)","","99","3","74,9058685302734","","0L","1:42,915","0:22,007","0:33,072","0:47,835","+0,269","+1,702","-4,732","-4,646","OPTIMUM","Dry","26,4285802195609","26,5098200798403","26,6699790818363","26,5182567864271","86,2506446906188","80,2463124550898","90,2479579041916","85,5425268662675","1","266 Km/h","23,0819823356232","0","0","0","0","0","28,61924","34,49132","0","3","0","Regular","0"
"Nissan GT-R Nismo GT3 (2018)","333","Ville Synkkänen (Syn)","","100","3","72,0048904418945","","0L","1:43,037","0:22,067","0:33,225","0:47,745","+0,391","+1,824","-4,610","-4,524","OPTIMUM","Dry","26,4060901004016","26,4926479116466","26,6582871285141","26,4932380923695","86,1424237148594","80,1934889959839","90,2522229718876","85,4079691566265","1","266 Km/h","24,1356172248804","0","0","0","0","0","28,44104","34,01468","0","3","0","Regular","0"
"Nissan GT-R Nismo GT3 (2018)","333","Ville Synkkänen (Syn)","","101","3","69,1076049804687","","0L","1:43,082","0:22,125","0:33,155","0:47,802","+0,436","+1,869","-4,565","-4,479","OPTIMUM","Dry","26,3954847484909","26,4771374245473","26,6296232796781","26,4742727364185","86,1344563581489","80,1344260160966","90,0561458148893","85,3129190342052","1","266 Km/h","22,0605444126074","0","0","0","0","0","28,31479","33,67143","0","3","0","Regular","0"
"Nissan GT-R Nismo GT3 (2018)","333","Ville Synkkänen (Syn)","","102","3","66,200325012207","","0L","1:43,172","0:22,130","0:33,145","0:47,897","+0,526","+1,959","-4,475","-4,389","OPTIMUM","Dry","26,35659875","26,4403965079365","26,5895753174603","26,4470405357143","85,7980001984127","79,8203100198413","89,7075809920635","85,0978516666667","1","267 Km/h","20,5449019607843","0","0","0","0","0","28,23771","33,44927","0","3","0","Regular","0"
"Nissan GT-R Nismo GT3 (2018)","333","Ville Synkkänen (Syn)","","103","3","63,3004150390625","","0L","1:42,900","0:22,272","0:33,030","0:47,597","+0,254","+1,687","-4,747","-4,661","OPTIMUM","Dry","26,4175986172345","26,4260078757515","26,5468907014028","26,4376341482966","86,489917995992","79,702470260521","89,7749075350701","85,0319133066132","1","267 Km/h","23,2642521994135","0","0","0","0","0","28,21526","33,36095","0","3","0","Regular","0"
"Nissan GT-R Nismo GT3 (2018)","333","Ville Synkkänen (Syn)","","104","3","60,4099082946777","","0L","1:44,230","0:22,067","0:34,050","0:48,112","+1,584","+3,017","-3,417","-3,331","OPTIMUM","Dry","26,4110911881188","26,442338970297","26,511128","26,4425766336634","86,4273913267327","79,8729628712871","89,4998896435644","85,0837731485149","1","267 Km/h","22,8696484375","0","0","0","0","0","28,23336","33,37172","0","3","0","Regular","0"
"Nissan GT-R Nismo GT3 (2018)","333","Ville Synkkänen (Syn)","","105","3","57,5216636657715","","0L","1:43,242","0:22,112","0:33,152","0:47,977","+0,596","+2,029","-4,405","-4,319","OPTIMUM","Dry","26,3514961630219","26,4216024652087","26,4705010536779","26,4181857256461","85,7850468588469","79,6353912524851","89,0551303379722","84,80813944334","1","267 Km/h","22,6747285291214","0","0","0","0","0","28,27664","33,43941","0","3","0","Regular","0"
"Nissan GT-R Nismo GT3 (2018)","333","Ville Synkkänen (Syn)","","106","3","54,6381340026855","","0L","1:43,420","0:22,022","0:33,235","0:48,162","+0,774","+2,207","-4,227","-4,141","OPTIMUM","Dry","26,35683596","26,4276138","26,48623832","26,41377498","85,8089284","79,66627294","89,18732176","84,73045084","1","267 Km/h","23,8134782608696","0","0","0","0","0","28,32745","33,52181","0","3","0","Regular","0"
"Nissan GT-R Nismo GT3 (2018)","333","Ville Synkkänen (Syn)","","107","3","51,7494964599609","","0L","1:42,947","0:22,000","0:33,087","0:47,860","+0,301","+1,734","-4,700","-4,614","OPTIMUM","Dry","26,3700927254509","26,4707757314629","26,4855524849699","26,4091234268537","85,9148021643287","80,0836560921844","89,1479627655311","84,6497814428858","1","267 Km/h","22,7667554240631","0","0","0","0","0","28,37123","33,58544","0","3","0","Regular","0"
"Nissan GT-R Nismo GT3 (2018)","333","Ville Synkkänen (Syn)","","108","3","48,8581466674805","","0L","1:43,230","0:22,085","0:33,090","0:48,055","+0,584","+2,017","-4,417","-4,331","OPTIMUM","Dry","26,376646374502","26,481091314741","26,5003303784861","26,4293691035857","85,956199940239","80,1642439043825","89,2750256772908","84,8338003984064","1","267 Km/h","20,9790294957184","0","0","0","0","0","28,4073","33,62436","0","3","0","Regular","0"
"Nissan GT-R Nismo GT3 (2018)","333","Ville Synkkänen (Syn)","","109","3","45,9595336914063","","0L","1:42,995","0:21,977","0:33,255","0:47,762","+0,349","+1,782","-4,652","-4,566","OPTIMUM","Dry","26,4002957884232","26,510036506986","26,5186777045908","26,4484230738523","86,1820275249501","80,4452331536926","89,4456251097804","85,0117611177645","1","267 Km/h","22,2729912875121","0","0","0","0","0","28,43464","33,63814","0","3","0","Regular","0"
"Nissan GT-R Nismo GT3 (2018)","333","Ville Synkkänen (Syn)","","110","3","43,0648002624512","","0L","1:42,692","0:22,002","0:33,052","0:47,637","+0,046","+1,479","-4,955","-4,869","OPTIMUM","Dry","26,4553951903808","26,5084056713427","26,5577309418838","26,45803749499","86,7396107214429","80,4118757314629","89,8360576753507","85,095543747495","1","267 Km/h","21,6337415621987","0","0","0","0","0","28,45698","33,63844","0","3","0","Regular","0"
"Nissan GT-R Nismo GT3 (2018)","333","Ville Synkkänen (Syn)","","111","3","40,194751739502","","0L","1:43,102","0:22,042","0:33,092","0:47,967","+0,456","+1,889","-4,545","-4,459","OPTIMUM","Dry","26,445428003992","26,5031574251497","26,5332664271457","26,4361484231537","86,6206611377246","80,3420828942116","89,5660951297405","84,852405748503","1","267 Km/h","22,041641221374","0","0","0","0","0","28,48016","33,63363","0","3","0","Regular","0"
"Nissan GT-R Nismo GT3 (2018)","333","Ville Synkkänen (Syn)","","112","3","37,3015937805176","","0L","1:43,257","0:22,120","0:33,312","0:47,825","+0,611","+2,044","-4,390","-4,304","OPTIMUM","Dry","26,3747474051896","26,4826327345309","26,4729589021956","26,4039722355289","85,8694898203593","80,1133709181637","88,9229771257485","84,502320758483","1","267 Km/h","22,5861854684512","0","0","0","0","0","28,5008","33,62113","0","3","0","Regular","0"
"Nissan GT-R Nismo GT3 (2018)","333","Ville Synkkänen (Syn)","","113","3","34,4276504516602","","0L","1:43,020","0:22,035","0:33,127","0:47,857","+0,374","+1,807","-4,627","-4,541","OPTIMUM","Dry","26,35518792","26,4595431","26,47064972","26,3965277","85,65402046","79,86112926","88,88720188","84,41305112","1","267 Km/h","22,0633654773385","0","0","0","0","0","28,5132","33,58131","0","3","0","Regular","0"
"Nissan GT-R Nismo GT3 (2018)","333","Ville Synkkänen (Syn)","","114","3","31,516975402832","","0L","1:43,170","0:22,045","0:33,232","0:47,892","+0,524","+1,957","-4,477","-4,391","OPTIMUM","Dry","26,3869909181637","26,4557853493014","26,46139500998","26,3801784231537","85,9838830938124","79,820564510978","88,793245249501","84,2413277644711","1","267 Km/h","21,6205625606208","0","0","0","0","0","28,50252","33,483","0","3","0","Regular","0"
"Nissan GT-R Nismo GT3 (2018)","333","Ville Synkkänen (Syn)","","115","3","28,6281127929687","","0L","1:43,222","0:22,092","0:33,212","0:47,917","+0,576","+2,009","-4,425","-4,339","OPTIMUM","Dry","26,405771262525","26,5098987975952","26,4259091983968","26,3691528056112","86,1978100601202","80,4025470941884","88,4426790581162","84,14477498998","1","267 Km/h","21,1100756143667","0","0","0","0","0","28,45685","33,30399","0","3","0","Regular","0"
"Nissan GT-R Nismo GT3 (2018)","333","Ville Synkkänen (Syn)","","116","3","25,7415657043457","","0L","1:43,105","0:22,050","0:33,135","0:47,920","+0,459","+1,892","-4,542","-4,456","OPTIMUM","Dry","26,3634345508982","26,4625469660679","26,4228090219561","26,3790266467066","85,8037113373254","79,9562063273453","88,4572951896208","84,2945334131737","1","267 Km/h","22,9155202312139","0","0","0","0","0","28,36058","33,00393","0","3","0","Regular","0"
"Nissan GT-R Nismo GT3 (2018)","333","Ville Synkkänen (Syn)","","117","3","22,8411083221436","","0L","1:43,027","0:22,017","0:33,142","0:47,867","+0,381","+1,814","-4,620","-4,534","OPTIMUM","Dry","26,3736289065606","26,4587530616302","26,447637693837","26,3995545725646","85,9897839960239","79,9965702982107","88,7958083499006","84,5882499005964","1","267 Km/h","21,1108349900596","0","0","0","0","0","28,22057","32,60998","0","3","0","Regular","0"
"Nissan GT-R Nismo GT3 (2018)","333","Ville Synkkänen (Syn)","","118","3","19,9533138275146","","0L","1:42,785","0:21,970","0:33,120","0:47,695","+0,139","+1,572","-4,862","-4,776","OPTIMUM","Dry","26,3846146","26,45644898","26,42281792","26,34425286","86,21508712","80,08343648","88,64813958","84,12306128","1","267 Km/h","22,4404459861249","0","0","0","0","0","28,03136","32,10628","0","3","0","Regular","0"
"Nissan GT-R Nismo GT3 (2018)","333","Ville Synkkänen (Syn)","","119","3","17,0703868865967","","0L","1:42,860","0:22,035","0:33,105","0:47,720","+0,214","+1,647","-4,787","-4,701","OPTIMUM","Dry","26,3524177045908","26,4472152095808","26,3763215768463","26,333933752495","86,0125279640718","80,1200772654691","88,2966283033932","84,148395508982","1","267 Km/h","20,9393301435407","0","0","0","0","0","27,8183","31,55673","0","3","0","Regular","0"
"Nissan GT-R Nismo GT3 (2018)","333","Ville Synkkänen (Syn)","","120","3","14,182505607605","","0L","1:43,162","0:22,207","0:33,085","0:47,870","+0,516","+1,949","-4,485","-4,399","OPTIMUM","Dry","26,2921994621514","26,399337689243","26,3310493824701","26,2832054183267","85,5254269123506","79,7615256772908","87,9652161354582","83,7601472908367","1","267 Km/h","22,7787757100881","0","0","0","0","0","27,61667","31,04318","0","3","0","Regular","0"
"Nissan GT-R Nismo GT3 (2018)","333","Ville Synkkänen (Syn)","","121","3","11,291862487793","","0L","1:42,797","0:22,017","0:33,245","0:47,535","+0,151","+1,584","-4,850","-4,764","OPTIMUM","Dry","26,2814883632734","26,3504669660679","26,3218172055888","26,2528015369261","85,5450495608782","79,3836482035928","88,0002396806387","83,5746322754491","1","267 Km/h","23,4503039215686","0","0","0","0","0","27,4303","30,56431","0","3","0","Regular","0"
"Nissan GT-R Nismo GT3 (2018)","333","Ville Synkkänen (Syn)","","122","3","8,42563343048096","","0L","1:42,862","0:22,052","0:33,005","0:47,805","+0,216","+1,649","-4,785","-4,699","OPTIMUM","Dry","26,25960152","26,33145956","26,28201454","26,22173764","85,42577276","79,29436918","87,69433902","83,35976178","1","267 Km/h","22,5669688109162","0","0","0","0","0","27,29233","30,19473","0","3","0","Regular","0"
"Nissan GT-R Nismo GT3 (2018)","333","Ville Synkkänen (Syn)","","123","3","5,73170042037964","","0L","2:01,892","0:22,062","0:33,167","","+19,246","+20,679","+14,245","+14,331","OPTIMUM","Dry","26,214270623946","26,2922738279933","26,2445150421585","26,1697520573356","85,0382135413154","78,9708209780776","87,3883604384486","82,90288460371","1","267 Km/h","22,7792850241546","0","0","0","0","0","27,17922","29,8551","0","3","0","Inlap","0"
"Nissan GT-R Nismo GT3 (2018)","333","Adam Long (Lon)","","124","3","0","","0L","2:36,297","","0:33,200","0:47,832","+53,651","+55,084","+48,650","+48,736","","Wet","0","0","0","0","0","0","0","0","1","0 Km/h","0","0","0","0","0","0","0","0","0","3","0","Outlap","0"
"Nissan GT-R Nismo GT3 (2018)","333","Adam Long (Lon)","","125","3","0","Invalid lap. ","0L","1:44,095","0:22,480","0:33,872","0:47,742","+1,449","+2,882","-3,552","-3,466","","Wet","0","0","0","0","0","0","0","0","1","0 Km/h","0","0","0","0","0","0","0","0","0","3","0","Regular","0"
"Nissan GT-R Nismo GT3 (2018)","333","Adam Long (Lon)","","126","3","0","Invalid lap. ","0L","1:43,250","0:22,347","0:32,997","0:47,905","+0,604","+2,037","-4,397","-4,311","","Wet","0","0","0","0","0","0","0","0","1","0 Km/h","0","0","0","0","0","0","0","0","0","3","0","Regular","0"
"Nissan GT-R Nismo GT3 (2018)","333","Adam Long (Lon)","","127","3","0","","0L","1:43,125","0:22,317","0:33,270","0:47,537","+0,479","+1,912","-4,522","-4,436","","Wet","0","0","0","0","0","0","0","0","1","0 Km/h","0","0","0","0","0","0","0","0","0","3","0","Regular","0"
"Nissan GT-R Nismo GT3 (2018)","333","Adam Long (Lon)","","128","3","0","","0L","1:42,747","0:22,157","0:33,020","0:47,570","+0,101","+1,534","-4,900","-4,814","","Wet","0","0","0","0","0","0","0","0","1","0 Km/h","0","0","0","0","0","0","0","0","0","3","0","Regular","0"
"Nissan GT-R Nismo GT3 (2018)","333","Adam Long (Lon)","","129","2","0","","0L","1:42,900","0:22,180","0:33,067","0:47,652","+0,254","+1,687","-4,747","-4,661","","Wet","0","0","0","0","0","0","0","0","1","0 Km/h","0","0","0","0","0","0","0","0","0","3","0","Regular","0"
"Nissan GT-R Nismo GT3 (2018)","333","Adam Long (Lon)","","130","2","0","","0L","1:42,432","0:22,045","0:32,907","0:47,480","-0,214","+1,219","-5,215","-5,129","","Wet","0","0","0","0","0","0","0","0","1","0 Km/h","0","0","0","0","0","0","0","0","0","3","0","Regular","0"
"Nissan GT-R Nismo GT3 (2018)","333","Adam Long (Lon)","","131","2","0","","0L","1:42,640","0:21,985","0:33,227","0:47,427","-0,006","+1,427","-5,007","-4,921","","Wet","0","0","0","0","0","0","0","0","1","0 Km/h","0","0","0","0","0","0","0","0","0","3","0","Regular","0"
"Nissan GT-R Nismo GT3 (2018)","333","Adam Long (Lon)","","132","2","0","","0L","1:42,595","0:21,947","0:33,137","0:47,510","-0,051","+1,382","-5,052","-4,966","","Wet","0","0","0","0","0","0","0","0","1","0 Km/h","0","0","0","0","0","0","0","0","0","3","0","Regular","0"
"Nissan GT-R Nismo GT3 (2018)","333","Adam Long (Lon)","","133","2","0","Invalid lap. ","0L","1:43,262","0:22,035","0:32,982","0:48,245","+0,616","+2,049","-4,385","-4,299","","Wet","0","0","0","0","0","0","0","0","1","0 Km/h","0","0","0","0","0","0","0","0","0","3","0","Regular","0"
"Nissan GT-R Nismo GT3 (2018)","333","Adam Long (Lon)","","134","2","0","Invalid lap. ","0L","1:43,057","0:22,100","0:33,267","0:47,690","+0,411","+1,844","-4,590","-4,504","","Wet","0","0","0","0","0","0","0","0","1","0 Km/h","0","0","0","0","0","0","0","0","0","3","0","Regular","0"
"Nissan GT-R Nismo GT3 (2018)","333","Adam Long (Lon)","","135","2","0","Invalid lap. ","0L","1:42,820","0:21,892","0:33,075","0:47,852","+0,174","+1,607","-4,827","-4,741","","Wet","0","0","0","0","0","0","0","0","1","0 Km/h","0","0","0","0","0","0","0","0","0","3","0","Regular","0"
"Nissan GT-R Nismo GT3 (2018)","333","Adam Long (Lon)","","136","2","0","Invalid lap. ","0L","1:44,895","0:22,755","0:34,272","0:47,867","+2,249","+3,682","-2,752","-2,666","","Wet","0","0","0","0","0","0","0","0","1","0 Km/h","0","0","0","0","0","0","0","0","0","3","0","Regular","0"
"Nissan GT-R Nismo GT3 (2018)","333","Adam Long (Lon)","","137","2","0","Invalid lap. ","0L","1:45,880","0:23,617","0:33,495","0:48,767","+3,234","+4,667","-1,767","-1,681","","Wet","0","0","0","0","0","0","0","0","1","0 Km/h","0","0","0","0","0","0","0","0","0","3","0","Regular","0"
"Nissan GT-R Nismo GT3 (2018)","333","Adam Long (Lon)","","138","2","0","","0L","1:42,947","0:22,172","0:33,087","0:47,687","+0,301","+1,734","-4,700","-4,614","","Wet","0","0","0","0","0","0","0","0","1","0 Km/h","0","0","0","0","0","0","0","0","0","3","0","Regular","0"
"Nissan GT-R Nismo GT3 (2018)","333","Adam Long (Lon)","","139","2","0","","0L","1:42,942","0:22,185","0:33,135","0:47,622","+0,296","+1,729","-4,705","-4,619","","Wet","0","0","0","0","0","0","0","0","1","0 Km/h","0","0","0","0","0","0","0","0","0","3","0","Regular","0"
"Nissan GT-R Nismo GT3 (2018)","333","Adam Long (Lon)","","140","2","0","","0L","1:43,072","0:22,152","0:33,185","0:47,735","+0,426","+1,859","-4,575","-4,489","","Wet","0","0","0","0","0","0","0","0","1","0 Km/h","0","0","0","0","0","0","0","0","0","3","0","Regular","0"
"Nissan GT-R Nismo GT3 (2018)","333","Adam Long (Lon)","","141","2","0","","0L","1:43,630","0:22,597","0:33,337","0:47,695","+0,984","+2,417","-4,017","-3,931","","Wet","0","0","0","0","0","0","0","0","1","0 Km/h","0","0","0","0","0","0","0","0","0","3","0","Regular","0"
"Nissan GT-R Nismo GT3 (2018)","333","Adam Long (Lon)","","142","2","0","","0L","1:43,547","0:22,445","0:33,295","0:47,807","+0,901","+2,334","-4,100","-4,014","","Wet","0","0","0","0","0","0","0","0","1","0 Km/h","0","0","0","0","0","0","0","0","0","3","0","Regular","0"
"Nissan GT-R Nismo GT3 (2018)","333","Adam Long (Lon)","","143","2","0","","0L","1:43,437","0:22,042","0:33,090","0:48,305","+0,791","+2,224","-4,210","-4,124","","Wet","0","0","0","0","0","0","0","0","1","0 Km/h","0","0","0","0","0","0","0","0","0","3","0","Regular","0"
"Nissan GT-R Nismo GT3 (2018)","333","Adam Long (Lon)","","144","2","0","","0L","1:43,685","0:22,542","0:33,142","0:48,000","+1,039","+2,472","-3,962","-3,876","","Wet","0","0","0","0","0","0","0","0","1","0 Km/h","0","0","0","0","0","0","0","0","0","3","0","Regular","0"
"Nissan GT-R Nismo GT3 (2018)","333","Adam Long (Lon)","","145","2","0","","0L","1:43,375","0:22,032","0:33,350","0:47,992","+0,729","+2,162","-4,272","-4,186","","Wet","0","0","0","0","0","0","0","0","1","0 Km/h","0","0","0","0","0","0","0","0","0","3","0","Regular","0"
"Nissan GT-R Nismo GT3 (2018)","333","Adam Long (Lon)","","146","2","0","","0L","1:43,807","0:22,515","0:33,155","0:48,137","+1,161","+2,594","-3,840","-3,754","","Wet","0","0","0","0","0","0","0","0","1","0 Km/h","0","0","0","0","0","0","0","0","0","3","0","Regular","0"
"Nissan GT-R Nismo GT3 (2018)","333","Adam Long (Lon)","","147","2","0","","0L","1:43,125","0:22,097","0:33,067","0:47,960","+0,479","+1,912","-4,522","-4,436","","Wet","0","0","0","0","0","0","0","0","1","0 Km/h","0","0","0","0","0","0","0","0","0","3","0","Regular","0"
"Nissan GT-R Nismo GT3 (2018)","333","Adam Long (Lon)","","148","2","0","","0L","1:43,510","0:22,212","0:33,282","0:48,015","+0,864","+2,297","-4,137","-4,051","","Wet","0","0","0","0","0","0","0","0","1","0 Km/h","0","0","0","0","0","0","0","0","0","3","0","Regular","0"
"Nissan GT-R Nismo GT3 (2018)","333","Adam Long (Lon)","","149","2","0","","0L","1:43,087","0:22,135","0:33,065","0:47,887","+0,441","+1,874","-4,560","-4,474","","Wet","0","0","0","0","0","0","0","0","1","0 Km/h","0","0","0","0","0","0","0","0","0","3","0","Regular","0"
"Nissan GT-R Nismo GT3 (2018)","333","Adam Long (Lon)","","150","2","0","","0L","1:42,977","0:22,140","0:33,192","0:47,645","+0,331","+1,764","-4,670","-4,584","","Wet","0","0","0","0","0","0","0","0","1","0 Km/h","0","0","0","0","0","0","0","0","0","3","0","Regular","0"
"Nissan GT-R Nismo GT3 (2018)","333","Adam Long (Lon)","","151","2","0","","0L","1:43,295","0:22,217","0:33,160","0:47,917","+0,649","+2,082","-4,352","-4,266","","Wet","0","0","0","0","0","0","0","0","1","0 Km/h","0","0","0","0","0","0","0","0","0","3","0","Regular","0"
"Nissan GT-R Nismo GT3 (2018)","333","Adam Long (Lon)","","152","2","0","","0L","1:43,157","0:21,992","0:33,407","0:47,757","+0,511","+1,944","-4,490","-4,404","","Wet","0","0","0","0","0","0","0","0","1","0 Km/h","0","0","0","0","0","0","0","0","0","3","0","Regular","0"
"Nissan GT-R Nismo GT3 (2018)","333","Adam Long (Lon)","","153","2","0","","0L","1:43,137","0:22,285","0:33,110","0:47,742","+0,491","+1,924","-4,510","-4,424","","Wet","0","0","0","0","0","0","0","0","1","0 Km/h","0","0","0","0","0","0","0","0","0","3","0","Regular","0"
"Nissan GT-R Nismo GT3 (2018)","333","Adam Long (Lon)","","154","2","0","","0L","1:43,410","0:22,082","0:33,207","0:48,120","+0,764","+2,197","-4,237","-4,151","","Wet","0","0","0","0","0","0","0","0","1","0 Km/h","0","0","0","0","0","0","0","0","0","3","0","Regular","0"
"Nissan GT-R Nismo GT3 (2018)","333","Adam Long (Lon)","","155","2","0","","0L","1:43,255","0:22,002","0:33,425","0:47,827","+0,609","+2,042","-4,392","-4,306","","Wet","0","0","0","0","0","0","0","0","1","0 Km/h","0","0","0","0","0","0","0","0","0","3","0","Regular","0"
"Nissan GT-R Nismo GT3 (2018)","333","Adam Long (Lon)","","156","2","0","","0L","1:43,087","0:22,022","0:33,085","0:47,980","+0,441","+1,874","-4,560","-4,474","","Wet","0","0","0","0","0","0","0","0","1","0 Km/h","0","0","0","0","0","0","0","0","0","3","0","Regular","0"
"Nissan GT-R Nismo GT3 (2018)","333","Adam Long (Lon)","","157","2","0","Invalid lap. ","0L","2:01,612","0:21,995","0:33,207","","+18,966","+20,399","+13,965","+14,051","","Wet","0","0","0","0","0","0","0","0","1","0 Km/h","0","0","0","0","0","0","0","0","0","3","0","Inlap","0"
"Nissan GT-R Nismo GT3 (2018)","333","Adam Long (Lon)","","158","2","0","","0L","2:02,057","0:41,382","0:33,022","0:47,652","+19,411","+20,844","+14,410","+14,496","","Wet","0","0","0","0","0","0","0","0","1","0 Km/h","0","0","0","0","0","0","0","0","0","3","0","Outlap","0"
"Nissan GT-R Nismo GT3 (2018)","333","Adam Long (Lon)","","159","2","0","","0L","1:43,127","0:22,175","0:33,187","0:47,765","+0,481","+1,914","-4,520","-4,434","","Wet","0","0","0","0","0","0","0","0","1","0 Km/h","0","0","0","0","0","0","0","0","0","3","0","Regular","0"
"Nissan GT-R Nismo GT3 (2018)","333","Adam Long (Lon)","","160","2","0","Invalid lap. ","0L","1:43,002","0:22,185","0:33,260","0:47,557","+0,356","+1,789","-4,645","-4,559","","Wet","0","0","0","0","0","0","0","0","1","0 Km/h","0","0","0","0","0","0","0","0","0","3","0","Regular","0"
"Nissan GT-R Nismo GT3 (2018)","333","Adam Long (Lon)","","161","2","0","","0L","1:42,752","0:21,992","0:33,125","0:47,635","+0,106","+1,539","-4,895","-4,809","","Wet","0","0","0","0","0","0","0","0","1","0 Km/h","0","0","0","0","0","0","0","0","0","3","0","Regular","0"
"Nissan GT-R Nismo GT3 (2018)","333","Adam Long (Lon)","","162","2","0","","0L","1:43,180","0:22,222","0:33,240","0:47,717","+0,534","+1,967","-4,467","-4,381","","Wet","0","0","0","0","0","0","0","0","1","0 Km/h","0","0","0","0","0","0","0","0","0","3","0","Regular","0"
"Nissan GT-R Nismo GT3 (2018)","333","Adam Long (Lon)","","163","2","0","","0L","1:43,022","0:22,085","0:33,290","0:47,647","+0,376","+1,809","-4,625","-4,539","","Wet","0","0","0","0","0","0","0","0","1","0 Km/h","0","0","0","0","0","0","0","0","0","3","0","Regular","0"
"Nissan GT-R Nismo GT3 (2018)","333","Adam Long (Lon)","","164","2","132","","0L","2:02,095","0:21,932","0:33,255","","+19,449","+20,882","+14,448","+14,534","OPTIMUM","Dry","26,1406103314917","26,1613117679558","25,7511027624309","25,6613375138122","84,129951160221","77,4841332044199","82,1197208839779","77,484406519337","1","49 Km/h","0","2,629618","0","2,629618","0","0","22,80999","22,80999","0","3","0","Inlap","0"
"Nissan GT-R Nismo GT3 (2018)","333","Ville Synkkänen (Syn)","","165","3","128,953231811523","","0L","2:37,320","","0:33,260","0:48,192","+54,674","+56,107","+49,673","+49,759","OPTIMUM","Dry","26,7456876165803","26,9917182210708","26,6893113471503","26,7930775302245","72,6063508290155","69,9608355267703","75,1440884974093","73,0999926770294","1","240 Km/h","28,2949263984298","2,629618","0","2,629618","0","0","22,6653","22,6653","0","3","0","Outlap","0"
"Nissan GT-R Nismo GT3 (2018)","333","Ville Synkkänen (Syn)","","166","3","126,054580688477","Invalid lap. ","0L","1:43,422","0:22,072","0:33,345","0:48,005","+0,776","+2,209","-4,225","-4,139","OPTIMUM","Dry","27,23332132","27,20731272","27,330687","27,2338527","77,77436948","72,2951144","81,91358828","77,77990346","1","269 Km/h","22,7387548262548","2,629618","0","2,629618","0","0","22,55064","22,55064","0","3","0","Regular","0"
"Nissan GT-R Nismo GT3 (2018)","333","Ville Synkkänen (Syn)","","167","3","123,16822052002","","0L","1:42,675","0:22,045","0:32,990","0:47,640","+0,029","+1,462","-4,972","-4,886","OPTIMUM","Dry","27,3383271313131","27,241891010101","27,4343557171717","27,3074046060606","78,9408244444445","72,7279518585859","83,0661182020202","78,6187161414141","1","269 Km/h","23,3679587831207","2,629618","0","2,629618","0","0","22,45091","22,45091","0","3","0","Regular","0"
"Nissan GT-R Nismo GT3 (2018)","333","Ville Synkkänen (Syn)","","168","3","120,271759033203","","0L","1:42,942","0:21,962","0:33,110","0:47,870","+0,296","+1,729","-4,705","-4,619","OPTIMUM","Dry","27,3220370741483","27,2422080961924","27,4349553507014","27,2967629258517","78,826624008016","72,7867404208417","83,1278486172345","78,5633502805611","1","269 Km/h","23,4960611854685","2,629618","0","2,629618","0","0","22,38179","22,38179","0","3","0","Regular","0"
"Nissan GT-R Nismo GT3 (2018)","333","Ville Synkkänen (Syn)","","169","3","117,388236999512","","0L","1:43,227","0:21,965","0:33,275","0:47,987","+0,581","+2,014","-4,420","-4,334","OPTIMUM","Dry","27,2722572945892","27,2130886372745","27,414703507014","27,2716938076152","78,3433547695391","72,5186831863727","82,9521584569138","78,3374851703407","1","270 Km/h","23,4445526057031","2,629618","0","2,629618","0","0","22,34467","22,34467","0","3","0","Regular","0"
"Nissan GT-R Nismo GT3 (2018)","333","Ville Synkkänen (Syn)","","170","3","114,490257263184","","0L","1:42,582","0:21,995","0:33,005","0:47,582","-0,064","+1,369","-5,065","-4,979","OPTIMUM","Dry","27,2912887927565","27,2079596981891","27,4262097987928","27,2897943863179","78,5596517706238","72,4833078873239","83,090068028169","78,5440847283702","1","269 Km/h","23,9748387096774","2,629618","0","2,629618","0","0","22,32623","22,32623","0","3","0","Regular","0"
"Nissan GT-R Nismo GT3 (2018)","333","Ville Synkkänen (Syn)","","171","2","111,598831176758","","0L","1:42,762","0:22,115","0:33,045","0:47,602","+0,116","+1,549","-4,885","-4,799","OPTIMUM","Dry","27,2903485170341","27,2309894388778","27,4483036673347","27,2965258517034","78,5595147895792","72,7328626452906","83,329874488978","78,6238643486974","1","270 Km/h","23,5984496124031","2,629618","0","2,629618","0","0","22,31271","22,31271","0","3","0","Regular","0"
"Nissan GT-R Nismo GT3 (2018)","333","Ville Synkkänen (Syn)","","172","2","108,715705871582","","0L","1:42,897","0:21,950","0:33,025","0:47,922","+0,251","+1,684","-4,750","-4,664","OPTIMUM","Dry","27,2667465731463","27,2298569338677","27,4263908416834","27,290195511022","78,3265571342685","72,7339561723447","83,1145113026052","78,5708176352705","1","269 Km/h","23,171865530303","2,629618","0","2,629618","0","0","22,28464","22,28464","0","3","0","Regular","0"
"Nissan GT-R Nismo GT3 (2018)","333","Ville Synkkänen (Syn)","","173","2","105,821296691895","","0L","1:42,542","0:21,882","0:33,050","0:47,610","-0,104","+1,329","-5,105","-5,019","OPTIMUM","Dry","27,2624047379032","27,2340915120968","27,4306917137097","27,296513891129","78,3081299596774","72,8048704435484","83,1861122983871","78,6634342741935","1","270 Km/h","22,9899522445081","2,629618","0","2,629618","0","0","22,23162","22,23162","0","3","0","Regular","0"
"Nissan GT-R Nismo GT3 (2018)","333","Ville Synkkänen (Syn)","","174","2","102,92000579834","","0L","1:43,005","0:21,970","0:33,025","0:48,010","+0,359","+1,792","-4,642","-4,556","OPTIMUM","Dry","27,28991688","27,23565542","27,40973856","27,30706588","78,64188338","72,86832436","83,01501432","78,82051528","1","270 Km/h","23,7882125603865","2,629618","0","2,629618","0","0","22,14272","22,14272","0","3","0","Regular","0"
"Nissan GT-R Nismo GT3 (2018)","333","Ville Synkkänen (Syn)","","175","2","100,03092956543","","0L","1:42,675","0:21,987","0:32,980","0:47,707","+0,029","+1,462","-4,972","-4,886","OPTIMUM","Dry","27,2376337022133","27,2228307042254","27,4091128370221","27,2873601408451","78,1656460160966","72,803114084507","83,0768762977867","78,6836281287726","1","269 Km/h","24,2725897187197","2,629618","0","2,629618","0","0","22,02958","22,02958","0","3","0","Regular","0"
"Nissan GT-R Nismo GT3 (2018)","333","Ville Synkkänen (Syn)","","176","2","97,1591033935547","","0L","1:44,565","0:21,905","0:33,700","0:48,960","+1,919","+3,352","-3,082","-2,996","OPTIMUM","Dry","27,177588972332","27,186347055336","27,3069229051383","27,1868609288538","77,6258058498024","72,5087013043478","82,0980261264822","77,7223884980237","1","270 Km/h","28,0511310084826","2,629618","0","2,629618","0","0","21,89059","21,89059","0","3","0","Regular","0"
"Nissan GT-R Nismo GT3 (2018)","333","Ville Synkkänen (Syn)","","177","2","94,2667694091797","Invalid lap. ","0L","1:43,292","0:21,927","0:33,187","0:48,177","+0,646","+2,079","-4,355","-4,269","OPTIMUM","Dry","27,17160144","27,1657098","27,2636414","27,17195368","77,65885634","72,3891526","81,74259858","77,6625243","1","269 Km/h","23,732180952381","2,629618","0","2,629618","0","0","21,74243","21,74243","0","3","0","Regular","0"
"Nissan GT-R Nismo GT3 (2018)","333","Ville Synkkänen (Syn)","","178","2","91,3737869262695","Invalid lap. ","0L","1:43,560","0:22,415","0:33,267","0:47,877","+0,914","+2,347","-4,087","-4,001","OPTIMUM","Dry","27,14684654","27,09604624","27,34550542","27,22330146","77,49885292","71,76134898","82,69320752","78,29525728","1","269 Km/h","25,3051400966184","2,629618","0","2,629618","0","0","21,59336","21,59336","0","3","0","Regular","0"
"Nissan GT-R Nismo GT3 (2018)","333","Ville Synkkänen (Syn)","","179","2","88,4645156860352","","0L","1:42,945","0:22,070","0:33,202","0:47,672","+0,299","+1,732","-4,702","-4,616","OPTIMUM","Dry","27,15498258","27,09476496","27,36251584","27,1966959","77,68090814","71,84530514","82,96770368","78,1154181","1","270 Km/h","21,6105517909003","2,629618","0","2,629618","0","0","21,45252","21,45252","0","3","0","Regular","0"
"Nissan GT-R Nismo GT3 (2018)","333","Ville Synkkänen (Syn)","","180","2","85,5720825195312","","0L","1:42,705","0:21,940","0:33,062","0:47,702","+0,059","+1,492","-4,942","-4,856","OPTIMUM","Dry","27,1833649496982","27,0851846881288","27,3279139637827","27,1755767806841","78,0734329376258","71,8423856338028","82,734849778672","77,9923019315895","1","270 Km/h","23,2568571428571","2,629618","0","2,629618","0","0","21,30301","21,30301","0","3","0","Regular","0"
"Nissan GT-R Nismo GT3 (2018)","333","Ville Synkkänen (Syn)","","181","2","82,6859130859375","","0L","1:43,050","0:22,142","0:33,175","0:47,732","+0,404","+1,837","-4,597","-4,511","OPTIMUM","Dry","27,12859896","27,04285602","27,27891516","27,12677176","77,64758614","71,5007046","82,32975536","77,58316046","1","270 Km/h","23,4424601593625","2,629618","0","2,629618","0","0","21,15541","21,15541","0","3","0","Regular","0"
"Nissan GT-R Nismo GT3 (2018)","333","Ville Synkkänen (Syn)","","182","2","79,7866744995117","Invalid lap. ","0L","1:43,622","0:22,387","0:33,415","0:47,820","+0,976","+2,409","-4,025","-3,939","OPTIMUM","Dry","27,0729644621514","26,9997713346614","27,2531112549801","27,0993352589641","77,181239940239","71,1555230876494","82,1792077689243","77,4009799601594","1","270 Km/h","24,4889607843137","2,629618","0","2,629618","0","0","20,99481","20,99481","0","3","0","Regular","0"
"Nissan GT-R Nismo GT3 (2018)","333","Ville Synkkänen (Syn)","","183","2","76,9114379882813","","0L","1:42,680","0:21,850","0:33,257","0:47,572","+0,034","+1,467","-4,967","-4,881","OPTIMUM","Dry","27,0332872032193","26,9818619315895","27,2353172032193","27,1023484909457","76,8731556740443","71,0741900804829","82,1022297183099","77,5375904024145","1","270 Km/h","24,1060388349515","2,629618","0","2,629618","0","0","20,83578","20,83578","0","3","0","Regular","0"
"Nissan GT-R Nismo GT3 (2018)","333","Ville Synkkänen (Syn)","","184","2","74,0170822143555","Invalid lap. ","0L","1:43,305","0:22,430","0:33,157","0:47,717","+0,659","+2,092","-4,342","-4,256","OPTIMUM","Dry","27,0067544","26,94211792","27,19220526","27,05694756","76,6966302","70,7600474","81,75300648","77,16451842","1","270 Km/h","23,6322546161322","2,629618","0","2,629618","0","0","20,69949","20,69949","0","3","0","Regular","0"
"Nissan GT-R Nismo GT3 (2018)","333","Ville Synkkänen (Syn)","","185","2","71,1493606567383","","0L","1:42,900","0:22,032","0:32,935","0:47,932","+0,254","+1,687","-4,747","-4,661","OPTIMUM","Dry","27,0230003212851","26,9592460441767","27,1428740160643","27,0060829518072","76,9493185742972","71,0219224899599","81,3225959437751","76,7181383333333","1","271 Km/h","23,5790766208251","2,629618","0","2,629618","0","0","20,59016","20,59016","0","3","0","Regular","0"
"Nissan GT-R Nismo GT3 (2018)","333","Ville Synkkänen (Syn)","","186","2","68,2654495239258","","0L","1:43,080","0:22,072","0:33,082","0:47,925","+0,434","+1,867","-4,567","-4,481","OPTIMUM","Dry","27,0223608216433","27,008874509018","27,1236717835671","27,0131893186373","76,9985808817635","71,5948097995992","81,1784984769539","76,8480874348697","1","270 Km/h","22,3809777347531","2,629618","0","2,629618","0","0","20,53043","20,53043","0","3","0","Regular","0"
"Nissan GT-R Nismo GT3 (2018)","333","Ville Synkkänen (Syn)","","187","2","65,4002456665039","","0L","1:42,940","0:21,952","0:33,022","0:47,965","+0,294","+1,727","-4,707","-4,621","OPTIMUM","Dry","26,96800114","26,99603432","27,0922228","27,01041752","76,45427514","71,4830022","80,87284644","76,8411579","1","270 Km/h","24,049244357213","2,629618","0","2,629618","0","0","20,52411","20,52411","0","3","0","Regular","0"
"Nissan GT-R Nismo GT3 (2018)","333","Ville Synkkänen (Syn)","","188","2","62,5262603759766","","0L","1:43,052","0:21,962","0:33,272","0:47,817","+0,406","+1,839","-4,595","-4,509","OPTIMUM","Dry","26,9630191967871","26,9645456425703","27,0903328714859","26,9939988955823","76,3916491566265","71,14426","80,8424239959839","76,65939562249","1","270 Km/h","21,9844621141254","2,629618","0","2,629618","0","0","20,56128","20,56128","0","3","0","Regular","0"
"Nissan GT-R Nismo GT3 (2018)","333","Ville Synkkänen (Syn)","","189","2","59,6524124145508","","0L","1:43,020","0:22,037","0:33,232","0:47,750","+0,374","+1,807","-4,627","-4,541","OPTIMUM","Dry","26,9856075551102","26,9566457314629","27,101259498998","26,9971513627254","76,5941118036072","71,0291391382766","80,9234130260521","76,6594053507014","1","271 Km/h","22,7292543021032","2,629618","0","2,629618","0","0","20,61749","20,61749","0","3","0","Regular","0"
"Nissan GT-R Nismo GT3 (2018)","333","Ville Synkkänen (Syn)","","190","2","56,7698516845703","","0L","1:42,877","0:21,862","0:33,172","0:47,842","+0,231","+1,664","-4,770","-4,684","OPTIMUM","Dry","27,038032334004","26,9746810865191","27,081542193159","26,9738321730382","77,1024622535211","71,1792646277666","80,6802861167002","76,3787568008048","1","271 Km/h","23,4843671497585","2,629618","0","2,629618","0","0","20,66894","20,66894","0","3","0","Regular","0"
"Nissan GT-R Nismo GT3 (2018)","333","Ville Synkkänen (Syn)","","191","2","53,878173828125","","0L","1:42,932","0:21,995","0:33,090","0:47,847","+0,286","+1,719","-4,715","-4,629","OPTIMUM","Dry","27,0635403614458","27,0316991365462","27,0694387951807","26,9877289759036","77,3447774698795","71,7498104618474","80,5308151004016","76,5001200401606","1","271 Km/h","23,0026427879961","2,629618","0","2,629618","0","0","20,68496","20,68496","0","3","0","Regular","0"
"Nissan GT-R Nismo GT3 (2018)","333","Ville Synkkänen (Syn)","","192","2","51,0101776123047","","0L","1:42,772","0:21,905","0:33,182","0:47,685","+0,126","+1,559","-4,875","-4,789","OPTIMUM","Dry","27,0902329292929","27,0788534747475","27,0848264242424","27,0115566464646","77,6284192323232","72,246596020202","80,6966985454545","76,7539227676768","1","271 Km/h","24,0409598432909","2,629618","0","2,629618","0","0","20,65086","20,65086","0","3","0","Regular","0"
"Nissan GT-R Nismo GT3 (2018)","333","Ville Synkkänen (Syn)","","193","2","48,128002166748","","0L","1:43,207","0:22,315","0:33,112","0:47,780","+0,561","+1,994","-4,440","-4,354","OPTIMUM","Dry","27,00208716","26,98250852","27,06634568","26,98926396","76,74998312","71,28275254","80,54393756","76,56145196","1","271 Km/h","23,4383562992126","2,629618","0","2,629618","0","0","20,56548","20,56548","0","3","0","Regular","0"
"Nissan GT-R Nismo GT3 (2018)","333","Ville Synkkänen (Syn)","","194","2","45,2272300720215","Invalid lap. ","0L","1:43,200","0:22,340","0:33,177","0:47,682","+0,554","+1,987","-4,447","-4,361","OPTIMUM","Dry","26,9718716064257","26,9272308634538","27,0536235943775","26,9739394578313","76,5030205220883","70,7747240562249","80,479197309237","76,4696043975904","1","271 Km/h","22,1510028382214","2,629618","0","2,629618","0","0","20,4537","20,4537","0","3","0","Regular","0"
"Nissan GT-R Nismo GT3 (2018)","333","Ville Synkkänen (Syn)","","195","2","42,3744735717773","","0L","1:42,765","0:21,945","0:32,960","0:47,860","+0,119","+1,552","-4,882","-4,796","OPTIMUM","Dry","26,9729928282828","26,9657080808081","27,0269429090909","26,9370937373737","76,5939156363636","71,2547477979798","80,2804903434343","76,1650126868687","1","271 Km/h","22,9335882352941","2,629618","0","2,629618","0","0","20,33379","20,33379","0","3","0","Regular","0"
"Nissan GT-R Nismo GT3 (2018)","333","Ville Synkkänen (Syn)","","196","2","39,4970245361328","","0L","1:42,855","0:21,872","0:33,017","0:47,965","+0,209","+1,642","-4,792","-4,706","OPTIMUM","Dry","26,9607995372233","26,9295976458752","27,0590741448692","26,9237701408451","76,5374770020121","70,9491719517103","80,6857654124748","76,0967960362173","1","271 Km/h","23,8059037328094","2,629618","0","2,629618","0","0","20,24596","20,24596","0","3","0","Regular","0"
"Nissan GT-R Nismo GT3 (2018)","333","Ville Synkkänen (Syn)","","197","2","36,6471672058105","","0L","1:42,655","0:21,997","0:32,997","0:47,660","+0,009","+1,442","-4,992","-4,906","OPTIMUM","Dry","26,9834035483871","26,9676891935484","27,0685595967742","26,9302094556452","76,8176204637097","71,3906432056452","80,8292581854839","76,2085627620968","1","271 Km/h","24,0684789008832","2,629618","0","2,629618","0","0","20,20274","20,20274","0","3","0","Regular","0"
"Nissan GT-R Nismo GT3 (2018)","333","Ville Synkkänen (Syn)","","198","2","33,8009376525879","","0L","1:42,937","0:21,907","0:33,240","0:47,790","+0,291","+1,724","-4,710","-4,624","OPTIMUM","Dry","26,9361591532258","26,9572448387097","26,9943272782258","26,8809193346774","76,3355781854839","71,2919327217742","80,0660954233871","75,7052090725806","1","271 Km/h","21,9914328358209","2,629618","0","2,629618","0","0","20,21409","20,21409","0","3","0","Regular","0"
"Nissan GT-R Nismo GT3 (2018)","333","Ville Synkkänen (Syn)","","199","2","30,9277629852295","","0L","1:42,835","0:21,937","0:33,035","0:47,862","+0,189","+1,622","-4,812","-4,726","OPTIMUM","Dry","26,9548096780684","26,946412334004","26,9692789537223","26,8625503219316","76,5086921126761","71,1579343259557","79,7840079476861","75,4927006237425","1","271 Km/h","22,3112548262548","2,629618","0","2,629618","0","0","20,26226","20,26226","0","3","0","Regular","0"
"Nissan GT-R Nismo GT3 (2018)","333","Ville Synkkänen (Syn)","","200","2","28,0629863739014","","0L","1:43,392","0:22,355","0:33,505","0:47,532","+0,746","+2,179","-4,255","-4,169","OPTIMUM","Dry","26,94544574","26,9173198","26,96089334","26,87448872","76,37254272","70,81627892","79,65805028","75,578453","1","271 Km/h","21,4687936191426","2,629618","0","2,629618","0","0","20,32452","20,32452","0","3","0","Regular","0"
"Nissan GT-R Nismo GT3 (2018)","333","Ville Synkkänen (Syn)","","201","2","25,1881618499756","","0L","1:43,182","0:22,180","0:33,102","0:47,900","+0,536","+1,969","-4,465","-4,379","OPTIMUM","Dry","26,9744732264529","26,952796252505","27,0102104609218","26,899863006012","76,638778997996","71,1496919639279","80,1356374348697","75,8066350701403","1","271 Km/h","21,4638861629048","2,629618","0","2,629618","0","0","20,36576","20,36576","0","3","0","Regular","0"
"Nissan GT-R Nismo GT3 (2018)","333","Ville Synkkänen (Syn)","","202","2","22,3184070587158","Invalid lap. ","0L","1:42,887","0:22,077","0:33,042","0:47,767","+0,241","+1,674","-4,760","-4,674","OPTIMUM","Dry","26,9906612048193","26,967306064257","26,986051064257","26,8710011044177","76,7923716465864","71,2857991365462","79,8689458835341","75,4909555220884","1","271 Km/h","23,78095463138","2,629618","0","2,629618","0","0","20,36636","20,36636","0","3","0","Regular","0"
"Nissan GT-R Nismo GT3 (2018)","333","Ville Synkkänen (Syn)","","203","2","19,4595851898193","","0L","1:42,492","0:21,875","0:32,932","0:47,685","-0,154","+1,279","-5,155","-5,069","OPTIMUM","Dry","27,0111762550607","26,9681951821862","26,9872924089069","26,8930578947368","77,0225287044534","71,3115236437247","79,8983356072875","75,7371740080972","1","271 Km/h","23,3588201160542","2,629618","0","2,629618","0","0","20,3188","20,3188","0","3","0","Regular","0"
"Nissan GT-R Nismo GT3 (2018)","333","Ville Synkkänen (Syn)","","204","2","16,6258792877197","","0L","1:42,542","0:21,815","0:33,037","0:47,690","-0,104","+1,329","-5,105","-5,019","OPTIMUM","Dry","26,9731180040323","26,9240832056452","26,9560137701613","26,861143266129","76,6729646169355","70,8988970766129","79,6222696975807","75,4516064919355","1","271 Km/h","22,7180592734226","2,629618","0","2,629618","0","0","20,22882","20,22882","0","3","0","Regular","0"
"Nissan GT-R Nismo GT3 (2018)","333","Ville Synkkänen (Syn)","","205","3","13,9525785446167","","0L","2:01,687","0:22,007","0:33,277","","+19,041","+20,474","+14,040","+14,126","OPTIMUM","Dry","26,972531377551","26,9357678231292","26,9241003911565","26,8145460884354","76,7384443877551","71,0922045238095","79,3621669557823","75,0378113265306","1","270 Km/h","22,2389845261122","2,629618","0","2,629618","0","0","20,10949","20,10949","0","3","0","Inlap","0"
"Nissan GT-R Nismo GT3 (2018)","333","Ville Synkkänen (Syn)","","206","3","11,0181665420532","","0L","2:00,842","0:40,105","0:33,140","0:47,597","+18,196","+19,629","+13,195","+13,281","OPTIMUM","Dry","26,6682915582192","26,660526609589","26,5020122431507","26,3791110616438","73,6424258219178","68,2982495376712","75,0385623116438","70,5751757705479","1","244 Km/h","28,1430612244898","2,629618","0","2,629618","0","0","20,01799","20,01799","0","3","0","Outlap","0"
"Nissan GT-R Nismo GT3 (2018)","333","Ville Synkkänen (Syn)","","207","3","8,16229152679443","","0L","1:42,735","0:21,917","0:33,075","0:47,742","+0,089","+1,522","-4,912","-4,826","OPTIMUM","Dry","26,7933582897384","26,7915065995976","26,8421461971831","26,7106362374245","74,9846583299799","69,7020876861167","78,6210799798793","74,0680153521127","1","271 Km/h","24,9345368620038","2,629618","0","2,629618","0","0","19,99001","19,99001","0","3","0","Regular","0"
