"Date 2023-11-25 15.14.42","Track Watkins Glen (2022)","Session Type 10","Duration 10"
"Car","Race #","Driver","Team","Lap","Position","Fuel","Penalty","Gap","Lap Time","Sector 1","Sector 2","Sector 3","Delta RR","Delta QR","Delta RS","Delta QS","Condition","Tyres","Pressure FR","Pressure FL","Pressure RR","Pressure RL","Temp FR","Temp FL","Temp RR","Temp RL","ECU Mode","Max Speed","Peak Acceleration","Damage Front","Damage Rear","Damage Centre","Damage Right","Damage Left","Air Temp","Road Temp","Cup","Category","Nationality","Lap type","Accidents"
"Alpine A110 GT4","303","Ville Synkkanen (SYN)","","1","43","79,9081802368164","Invalid lap. ","0L","5:21,115","","0:40,382","0:45,320","+214,497","+216,301","+205,778","+212,874","OPTIMUM","Dry","25,4766550510725","24,7287482175689","24,8682258784474","24,5003745199183","52,5837929775281","56,3034209295199","57,7043264759959","60,1225438815118","1","245 Km/h","24,408003875969","0","0","0","0","0","22,82169","30,29863","0","3","31","Regular","0"
"Alpine A110 GT4","303","Ville Synkkanen (SYN)","","2","42","77,5770034790039","","0L","1:55,525","0:32,087","0:38,192","0:45,245","+8,907","+10,711","+0,188","+7,284","OPTIMUM","Dry","27,0146638918919","26,9596651171171","26,9152573693694","27,0049572072072","68,6659956576577","79,5514297117117","79,0888471531532","86,2732257837838","1","250 Km/h","14,1803939962477","0","0","0","0","0","22,83159","30,32832","0","3","31","Regular","0"
"Alpine A110 GT4","303","Ville Synkkanen (SYN)","","3","42","75,2248153686523","","0L","1:55,590","0:32,385","0:38,227","0:44,977","+8,972","+10,776","+0,253","+7,349","OPTIMUM","Dry","27,0656148555957","27,0274137725632","27,0053958483754","27,0918936101083","69,1902439891697","80,2506510830325","80,021296732852","87,1723187906137","1","248 Km/h","15,3043021032505","0","0","0","0","0","22,84151","30,35813","0","3","31","Regular","0"
"Alpine A110 GT4","303","Ville Synkkanen (SYN)","","4","44","72,8965148925781","Invalid lap. ","0L","1:58,762","0:33,010","0:40,950","0:44,802","+12,144","+13,948","+3,425","+10,521","OPTIMUM","Dry","27,0109856491228","27,0574142807018","26,9793346842105","27,1436941578947","68,6148577368421","80,5568263333333","79,7434987192982","87,7055801578947","1","236 Km/h","22,5020515267176","1,360366","0","1,360366","0","0","22,85065","30,38556","0","3","31","Regular","1"
"Alpine A110 GT4","303","Ville Synkkanen (SYN)","","5","43","70,5686950683594","","0L","1:54,970","0:32,297","0:37,917","0:44,755","+8,352","+10,156","-0,367","+6,729","OPTIMUM","Dry","27,0306833695652","27,0646768297101","27,0466105978261","27,1990524094203","68,8139808514493","80,6264147644928","80,4382242753623","88,2761649637681","1","246 Km/h","14,6098788443616","1,360366","2,476251","3,836617","0","0","22,85941","30,4119","0","3","31","Regular","1"
"Alpine A110 GT4","303","Ville Synkkanen (SYN)","","6","43","68,2450637817383","","0L","1:54,457","0:32,045","0:37,900","0:44,512","+7,839","+9,643","-0,880","+6,216","OPTIMUM","Dry","27,1397527818182","27,0891942181818","27,1625354363636","27,2494217818182","69,9444146","80,8761009090909","81,6400703636364","88,8544711272727","1","247 Km/h","14,5333648393195","1,360366","2,476251","3,836617","0","0","22,86781","30,43713","0","3","31","Regular","0"
"Alpine A110 GT4","303","Ville Synkkanen (SYN)","","7","43","65,8949432373047","","0L","1:54,415","0:32,015","0:37,762","0:44,637","+7,797","+9,601","-0,922","+6,174","OPTIMUM","Dry","27,132122189781","27,1101056569343","27,1159252007299","27,216851770073","69,9614322627737","81,0884912591241","81,149106459854","88,568670310219","1","248 Km/h","14,276338028169","1,360366","2,476251","3,836617","0","0","22,87582","30,46124","0","3","31","Regular","0"
"Alpine A110 GT4","303","Ville Synkkanen (SYN)","","8","43","63,5519218444824","","0L","1:54,822","0:31,995","0:38,137","0:44,690","+8,204","+10,008","-0,515","+6,581","OPTIMUM","Dry","27,1350681669691","27,1236107985481","27,0953700907441","27,211261814882","70,088117676951","81,2239727223231","81,1538329582577","88,5052454627949","1","251 Km/h","14,5373345935728","1,360366","2,476251","3,836617","0","0","22,88346","30,48422","0","3","31","Regular","0"
"Alpine A110 GT4","303","Ville Synkkanen (SYN)","","9","43","61,2266540527344","","0L","1:55,810","0:31,950","0:38,820","0:45,040","+9,192","+10,996","+0,473","+7,569","OPTIMUM","Dry","27,1150790596745","27,0865738336347","27,0664854068716","27,1937578481013","69,8749160578662","80,8331880289331","81,0711901627486","88,3179287341772","1","249 Km/h","14,3456375838926","1,360366","2,476251","3,836617","0","0","22,89072","30,50607","0","3","31","Regular","0"
"Alpine A110 GT4","303","Ville Synkkanen (SYN)","","10","42","58,9205894470215","","0L","1:56,417","0:32,805","0:38,745","0:44,867","+9,799","+11,603","+1,080","+8,176","OPTIMUM","Dry","27,0234142010772","26,9798875224417","27,0265112028725","27,1346081328546","68,9153253321364","79,717128545781","80,6500443087971","87,6970376481149","1","247 Km/h","16,1741509433962","1,360366","2,476251","3,836617","0","0","22,8976","30,52679","0","3","31","Regular","0"
"Alpine A110 GT4","303","Ville Synkkanen (SYN)","","11","42","56,5988731384277","","0L","1:55,685","0:32,442","0:38,572","0:44,670","+9,067","+10,871","+0,348","+7,444","OPTIMUM","Dry","26,9701149638989","26,9699816787004","27,0654819133574","27,1749281407942","68,3556370938628","79,6094523285199","81,0514989350181","88,1125525090253","1","244 Km/h","15,0146153846154","1,360366","2,476251","3,836617","0","0","22,90435","30,54718","0","3","31","Regular","0"
"Alpine A110 GT4","303","Ville Synkkanen (SYN)","","12","41","54,2742958068848","","0L","1:54,672","0:32,220","0:37,887","0:44,565","+8,054","+9,858","-0,665","+6,431","OPTIMUM","Dry","26,9839860146252","27,0031013893967","27,0571649360146","27,2195048628885","68,4959286471664","79,950249725777","81,0983277513711","88,5726940219378","1","245 Km/h","14,1081998114986","1,360366","2,476251","3,836617","0","0","22,91045","30,56557","0","3","31","Regular","0"
"Alpine A110 GT4","303","Ville Synkkanen (SYN)","","13","40","51,9401473999023","","0L","1:54,450","0:32,040","0:37,865","0:44,545","+7,832","+9,636","-0,887","+6,209","OPTIMUM","Dry","27,0321706934307","27,045354689781","27,0505733941606","27,2303708211679","68,993933850365","80,3864712043796","81,0836695437956","88,6819639233577","1","247 Km/h","14,1465648854962","1,360366","2,476251","3,836617","0","0","22,9159","30,58206","0","3","31","Regular","0"
"Alpine A110 GT4","303","Ville Synkkanen (SYN)","","14","39","49,5849533081055","","0L","1:54,972","0:32,230","0:37,820","0:44,922","+8,354","+10,158","-0,365","+6,731","OPTIMUM","Dry","27,0580337205082","27,0616976406534","27,0628618511797","27,2255968058076","69,259673030853","80,5530400181488","81,2080041742287","88,6285666424682","1","246 Km/h","14,4806171648987","1,360366","2,476251","3,836617","0","0","22,92123","30,59818","0","3","31","Regular","0"
"Alpine A110 GT4","303","Ville Synkkanen (SYN)","","15","39","47,2664070129395","","0L","1:54,837","0:32,047","0:38,205","0:44,585","+8,219","+10,023","-0,500","+6,596","OPTIMUM","Dry","27,0130097454545","26,9898040181818","27,0495782727273","27,1941248181818","68,7872624727273","79,8007413272727","81,0662247818182","88,2973225090909","1","247 Km/h","14,347729468599","1,360366","2,476251","3,836617","0","0","22,92617","30,61314","0","3","31","Regular","0"
"Alpine A110 GT4","303","Ville Synkkanen (SYN)","","16","39","44,9199066162109","","0L","1:54,680","0:32,055","0:38,052","0:44,572","+8,062","+9,866","-0,657","+6,439","OPTIMUM","Dry","27,0374666302368","27,0249424043716","27,0843861202186","27,2368704371585","69,0388793806922","80,1636216029144","81,4256626593807","88,7394435883424","1","249 Km/h","14,4614864864865","1,360366","2,476251","3,836617","0","0","22,9307","30,62692","0","3","31","Regular","0"
"Alpine A110 GT4","303","Ville Synkkanen (SYN)","","17","39","42,5824279785156","","0L","1:55,022","0:32,137","0:37,972","0:44,912","+8,404","+10,208","-0,315","+6,781","OPTIMUM","Dry","27,0697103454545","27,0049696727273","27,1178313454545","27,2461249272727","69,4913259636364","79,9526794545455","81,7711618545455","88,8329559454546","1","249 Km/h","15,1103547459252","1,360366","2,476251","3,836617","0","0","22,93485","30,63954","0","3","31","Regular","0"
"Alpine A110 GT4","303","Ville Synkkanen (SYN)","","18","39","40,2522964477539","","0L","1:54,440","0:32,070","0:37,877","0:44,492","+7,822","+9,626","-0,897","+6,199","OPTIMUM","Dry","26,9531347810219","27,0200295985401","27,1308315510949","27,2576511313869","69,2371488868613","80,106934379562","81,9039584306569","88,950399689781","1","247 Km/h","14,2032007759457","1,360366","2,476251","3,836617","0","0","22,93859","30,65098","0","3","31","Regular","0"
"Alpine A110 GT4","303","Ville Synkkanen (SYN)","","19","40","37,9077033996582","","0L","1:54,625","0:32,117","0:37,687","0:44,820","+8,007","+9,811","-0,712","+6,384","OPTIMUM","Dry","26,9022266605839","26,9939371532847","27,0776157846715","27,2391784854015","69,1212643795621","79,8327889051095","81,594093959854","88,755627080292","1","248 Km/h","16,6179457364341","1,790189","2,476251","5,710962","0","1,444522","22,94193","30,66122","0","3","31","Regular","0"
"Alpine A110 GT4","303","Ville Synkkanen (SYN)","","20","39","35,5854682922363","","0L","1:57,372","0:32,265","0:39,045","0:46,062","+10,754","+12,558","+2,035","+9,131","OPTIMUM","Dry","26,8602801067616","26,9452287366548","26,9995765302491","27,1737223309609","68,6822162099644","79,3233054804271","81,0223166725979","88,0716872775801","1","248 Km/h","15,0925501432665","1,790189","2,476251","5,710962","0","1,444522","22,945","30,67066","0","3","31","Regular","0"
"Alpine A110 GT4","303","Ville Synkkanen (SYN)","","21","39","33,265007019043","","0L","1:55,807","0:32,380","0:38,292","0:45,135","+9,189","+10,993","+0,470","+7,566","OPTIMUM","Dry","26,8401815370705","26,8373358047016","26,9757598191682","27,1005293851718","68,4710049367089","78,1975726401447","80,7723707594937","87,3074108860759","1","247 Km/h","15,3557237464522","1,790189","2,476251","5,710962","0","1,444522","22,94752","30,67848","0","3","31","Regular","0"
"Alpine A110 GT4","303","Ville Synkkanen (SYN)","","22","39","30,9205226898193","","0L","1:54,725","0:32,250","0:37,840","0:44,635","+8,107","+9,911","-0,612","+6,484","OPTIMUM","Dry","26,8849729562044","26,9061506021898","27,0417135948905","27,2049323175182","68,9360302372263","78,9128381569343","81,4578397627737","88,3933874270073","1","246 Km/h","14,3928705440901","1,790189","2,476251","5,710962","0","1,444522","22,94963","30,6851","0","3","31","Regular","0"
"Alpine A110 GT4","303","Ville Synkkanen (SYN)","","23","39","28,6147994995117","","0L","1:54,860","0:32,015","0:38,345","0:44,500","+8,242","+10,046","-0,477","+6,619","OPTIMUM","Dry","26,8752176277372","26,8525834124088","27,0750075182482","27,2555970985401","68,8331398540146","79,0892439781022","81,8033729014599","88,9997278832117","1","248 Km/h","14,4955492424242","1,790189","2,476251","5,710962","0","1,444522","22,95134","30,69052","0","3","31","Regular","0"
"Alpine A110 GT4","303","Ville Synkkanen (SYN)","","24","39","26,2761631011963","","0L","1:55,227","0:32,542","0:37,975","0:44,710","+8,609","+10,413","-0,110","+6,986","OPTIMUM","Dry","26,858284556962","26,7839197106691","27,0738348101266","27,2534796564195","68,6557447377939","79,009173164557","81,790152875226","89,01166960217","1","248 Km/h","15,6759541984733","3,151634","2,476251","12,01904","0","6,391156","22,95264","30,69474","0","3","31","Regular","0"
"Alpine A110 GT4","303","Ville Synkkanen (SYN)","","25","39","23,9345664978027","","0L","1:54,635","0:32,117","0:37,915","0:44,602","+8,017","+9,821","-0,702","+6,394","OPTIMUM","Dry","26,8573332422587","26,7983161384335","27,0817090892532","27,2614444990893","68,6451008014572","79,5137635519126","81,8714421857924","89,0939004735884","1","248 Km/h","14,3528735632184","3,151634","2,476251","12,01904","0","6,391156","22,95353","30,69775","0","3","31","Regular","0"
"Alpine A110 GT4","303","Ville Synkkanen (SYN)","","26","38","21,5894184112549","Invalid lap. ","0L","1:54,960","0:32,050","0:38,277","0:44,632","+8,342","+10,146","-0,377","+6,719","OPTIMUM","Dry","26,8455446727273","26,7743900727273","27,0550721636364","27,2426693818182","68,5218465454545","79,3581996","81,8293379454545","88,8978662727273","1","247 Km/h","14,5130136986301","3,151634","2,476251","12,01904","0","6,391156","22,95401","30,69955","0","3","31","Regular","0"
"Alpine A110 GT4","303","Ville Synkkanen (SYN)","","27","38","19,2612590789795","","0L","1:54,830","0:32,065","0:38,125","0:44,640","+8,212","+10,016","-0,507","+6,589","OPTIMUM","Dry","26,830032323049","26,7413752813067","27,0093004718693","27,2141979128857","68,3600719600726","79,0141101633394","81,5899037931034","88,6011010163339","1","248 Km/h","14,3674733785092","3,151634","2,476251","12,01904","0","6,391156","22,95407","30,70014","0","3","31","Regular","0"
"Alpine A110 GT4","303","Ville Synkkanen (SYN)","","28","38","16,924388885498","","0L","1:54,910","0:32,165","0:38,082","0:44,662","+8,292","+10,096","-0,427","+6,669","OPTIMUM","Dry","26,7893113818182","26,7161124","26,9780484909091","27,1794654727273","67,9359878363636","78,7510442545455","81,2884888363636","88,2393957636364","1","248 Km/h","14,7571148184495","3,151634","2,476251","12,01904","0","6,391156","22,95372","30,69951","0","3","31","Regular","0"
"Alpine A110 GT4","303","Ville Synkkanen (SYN)","","29","38","14,5788106918335","","0L","1:54,695","0:31,990","0:38,047","0:44,657","+8,077","+9,881","-0,642","+6,454","OPTIMUM","Dry","26,7805928181818","26,7065930181818","26,9866874909091","27,1943438","67,8455334363636","78,6550162","81,4027066363636","88,3947432181818","1","248 Km/h","14,4902152641879","3,151634","2,476251","12,01904","0","6,391156","22,953","30,69776","0","3","31","Regular","0"
"Alpine A110 GT4","303","Ville Synkkanen (SYN)","","30","38","12,2648601531982","","0L","1:54,790","0:32,050","0:38,065","0:44,675","+8,172","+9,976","-0,547","+6,549","OPTIMUM","Dry","26,8123678221416","26,7011546098004","27,0133171143376","27,2218347368421","68,1771630852995","78,6002315970962","81,6966460980036","88,6817472413793","1","247 Km/h","14,9680930232558","3,151634","2,476251","12,01904","0","6,391156","22,95184","30,69475","0","3","31","Regular","0"
"Alpine A110 GT4","303","Ville Synkkanen (SYN)","","31","37","9,92928791046143","Invalid lap. ","0L","1:54,807","0:32,012","0:38,030","0:44,765","+8,189","+9,993","-0,530","+6,566","OPTIMUM","Dry","26,8005020833333","26,6629581521739","27,054666884058","27,262544057971","68,0544807971014","78,3865789673913","82,1441320833333","89,1067228985507","1","248 Km/h","14,4946615824595","3,151634","2,476251","12,01904","0","6,391156","22,95025","30,69049","0","3","31","Regular","0"
"Alpine A110 GT4","303","Ville Synkkanen (SYN)","","32","35","7,62684106826782","","0L","1:55,565","0:32,060","0:38,282","0:45,222","+8,947","+10,751","+0,228","+7,324","OPTIMUM","Dry","26,748438990991","26,6374999279279","27,0042485765766","27,2048302522523","67,5133586306306","78,2037873513514","81,6201435495496","88,659147981982","1","248 Km/h","16,1682524271845","3,151634","2,476251","12,01904","0","6,391156","22,94825","30,68503","0","3","31","Regular","0"
"Alpine A110 GT4","303","Ville Synkkanen (SYN)","","33","34","5,43984746932983","","0L","2:08,077","0:32,212","0:38,067","0:57,797","+21,459","+23,263","+12,740","+19,836","OPTIMUM","Dry","26,7683224552845","26,5977635934959","27,0385384878049","27,2046666504065","67,7220575121951","77,7914472845528","81,9789093333333","88,7265540813008","1","247 Km/h","15,5103871576959","3,151634","2,476251","12,01904","0","6,391156","22,94548","30,67736","0","3","31","Inlap","0"
"Alpine A110 GT4","303","Lorenzo Tresoldi (TRE)","","34","39","0","","0L","2:50,240","","0:39,057","0:45,315","+63,622","+65,426","+54,903","+61,999","","Wet","0","0","0","0","0","0","0","0","1","0 Km/h","0","0","0","0","0","0","0","0","0","3","1","Outlap","0"
"Alpine A110 GT4","303","Lorenzo Tresoldi (TRE)","","35","38","0","","0L","1:56,410","0:32,540","0:39,000","0:44,870","+9,792","+11,596","+1,073","+8,169","","Wet","0","0","0","0","0","0","0","0","1","0 Km/h","0","0","0","0","0","0","0","0","0","3","1","Regular","0"
"Alpine A110 GT4","303","Lorenzo Tresoldi (TRE)","","36","39","0","","0L","1:56,780","0:32,222","0:39,182","0:45,375","+10,162","+11,966","+1,443","+8,539","","Wet","0","0","0","0","0","0","0","0","1","0 Km/h","0","0","0","0","0","0","0","0","0","3","1","Regular","0"
"Alpine A110 GT4","303","Lorenzo Tresoldi (TRE)","","37","38","0","","0L","1:55,852","0:32,050","0:38,342","0:45,460","+9,234","+11,038","+0,515","+7,611","","Wet","0","0","0","0","0","0","0","0","1","0 Km/h","0","0","0","0","0","0","0","0","0","3","1","Regular","0"
"Alpine A110 GT4","303","Lorenzo Tresoldi (TRE)","","38","38","0","","0L","1:56,105","0:32,255","0:38,407","0:45,442","+9,487","+11,291","+0,768","+7,864","","Wet","0","0","0","0","0","0","0","0","1","0 Km/h","0","0","0","0","0","0","0","0","0","3","1","Regular","0"
"Alpine A110 GT4","303","Lorenzo Tresoldi (TRE)","","39","38","0","","0L","1:55,572","0:32,280","0:38,220","0:45,072","+8,954","+10,758","+0,235","+7,331","","Wet","0","0","0","0","0","0","0","0","1","0 Km/h","0","0","0","0","0","0","0","0","0","3","1","Regular","0"
"Alpine A110 GT4","303","Lorenzo Tresoldi (TRE)","","40","38","0","Invalid lap. ","0L","1:55,390","0:32,167","0:38,287","0:44,935","+8,772","+10,576","+0,053","+7,149","","Wet","0","0","0","0","0","0","0","0","1","0 Km/h","0","0","0","0","0","0","0","0","0","3","1","Regular","0"
"Alpine A110 GT4","303","Lorenzo Tresoldi (TRE)","","41","38","0","","0L","1:58,090","0:33,160","0:39,097","0:45,832","+11,472","+13,276","+2,753","+9,849","","Wet","0","0","0","0","0","0","0","0","1","0 Km/h","0","0","0","0","0","0","0","0","0","3","1","Regular","0"
"Alpine A110 GT4","303","Lorenzo Tresoldi (TRE)","","42","39","0","Invalid lap. ","0L","1:56,550","0:32,195","0:38,425","0:45,930","+9,932","+11,736","+1,213","+8,309","","Wet","0","0","0","0","0","0","0","0","1","0 Km/h","0","0","0","0","0","0","0","0","0","3","1","Regular","0"
"Alpine A110 GT4","303","Lorenzo Tresoldi (TRE)","","43","39","0","","0L","1:56,762","0:32,470","0:39,177","0:45,115","+10,144","+11,948","+1,425","+8,521","","Wet","0","0","0","0","0","0","0","0","1","0 Km/h","0","0","0","0","0","0","0","0","0","3","1","Regular","0"
"Alpine A110 GT4","303","Lorenzo Tresoldi (TRE)","","44","39","0","","0L","1:55,425","0:32,072","0:38,197","0:45,155","+8,807","+10,611","+0,088","+7,184","","Wet","0","0","0","0","0","0","0","0","1","0 Km/h","0","0","0","0","0","0","0","0","0","3","1","Regular","0"
"Alpine A110 GT4","303","Lorenzo Tresoldi (TRE)","","45","39","0","","0L","1:55,245","0:32,185","0:38,175","0:44,885","+8,627","+10,431","-0,092","+7,004","","Wet","0","0","0","0","0","0","0","0","1","0 Km/h","0","0","0","0","0","0","0","0","0","3","1","Regular","0"
"Alpine A110 GT4","303","Lorenzo Tresoldi (TRE)","","46","39","0","","0L","1:56,740","0:32,650","0:38,247","0:45,842","+10,122","+11,926","+1,403","+8,499","","Wet","0","0","0","0","0","0","0","0","1","0 Km/h","0","0","0","0","0","0","0","0","0","3","1","Regular","0"
"Alpine A110 GT4","303","Lorenzo Tresoldi (TRE)","","47","39","0","","0L","1:56,545","0:32,345","0:38,685","0:45,515","+9,927","+11,731","+1,208","+8,304","","Wet","0","0","0","0","0","0","0","0","1","0 Km/h","0","0","0","0","0","0","0","0","0","3","1","Regular","0"
"Alpine A110 GT4","303","Lorenzo Tresoldi (TRE)","","48","39","0","","0L","1:57,145","0:32,505","0:39,105","0:45,535","+10,527","+12,331","+1,808","+8,904","","Wet","0","0","0","0","0","0","0","0","1","0 Km/h","0","0","0","0","0","0","0","0","0","3","1","Regular","0"
"Alpine A110 GT4","303","Lorenzo Tresoldi (TRE)","","49","39","0","Invalid lap. ","0L","1:56,527","0:32,317","0:38,580","0:45,630","+9,909","+11,713","+1,190","+8,286","","Wet","0","0","0","0","0","0","0","0","1","0 Km/h","0","0","0","0","0","0","0","0","0","3","1","Regular","0"
"Alpine A110 GT4","303","Lorenzo Tresoldi (TRE)","","50","39","0","","0L","1:56,155","0:32,115","0:38,822","0:45,217","+9,537","+11,341","+0,818","+7,914","","Wet","0","0","0","0","0","0","0","0","1","0 Km/h","0","0","0","0","0","0","0","0","0","3","1","Regular","0"
"Alpine A110 GT4","303","Lorenzo Tresoldi (TRE)","","51","39","0","","0L","1:56,667","0:32,367","0:38,902","0:45,397","+10,049","+11,853","+1,330","+8,426","","Wet","0","0","0","0","0","0","0","0","1","0 Km/h","0","0","0","0","0","0","0","0","0","3","1","Regular","0"
"Alpine A110 GT4","303","Lorenzo Tresoldi (TRE)","","52","40","0","Invalid lap. ","0L","1:56,872","0:32,577","0:38,747","0:45,547","+10,254","+12,058","+1,535","+8,631","","Wet","0","0","0","0","0","0","0","0","1","0 Km/h","0","0","0","0","0","0","0","0","0","3","1","Regular","0"
"Alpine A110 GT4","303","Lorenzo Tresoldi (TRE)","","53","40","0","","0L","1:56,740","0:32,510","0:38,432","0:45,797","+10,122","+11,926","+1,403","+8,499","","Wet","0","0","0","0","0","0","0","0","1","0 Km/h","0","0","0","0","0","0","0","0","0","3","1","Regular","0"
"Alpine A110 GT4","303","Lorenzo Tresoldi (TRE)","","54","40","0","","0L","1:55,937","0:32,140","0:38,645","0:45,152","+9,319","+11,123","+0,600","+7,696","","Wet","0","0","0","0","0","0","0","0","1","0 Km/h","0","0","0","0","0","0","0","0","0","3","1","Regular","0"
"Alpine A110 GT4","303","Lorenzo Tresoldi (TRE)","","55","40","0","","0L","1:55,117","0:32,192","0:38,060","0:44,865","+8,499","+10,303","-0,220","+6,876","","Wet","0","0","0","0","0","0","0","0","1","0 Km/h","0","0","0","0","0","0","0","0","0","3","1","Regular","0"
"Alpine A110 GT4","303","Lorenzo Tresoldi (TRE)","","56","40","0","","0L","1:55,605","0:32,127","0:38,360","0:45,117","+8,987","+10,791","+0,268","+7,364","","Wet","0","0","0","0","0","0","0","0","1","0 Km/h","0","0","0","0","0","0","0","0","0","3","1","Regular","0"
"Alpine A110 GT4","303","Lorenzo Tresoldi (TRE)","","57","40","0","Invalid lap. ","0L","1:56,145","0:32,645","0:38,255","0:45,245","+9,527","+11,331","+0,808","+7,904","","Wet","0","0","0","0","0","0","0","0","1","0 Km/h","0","0","0","0","0","0","0","0","0","3","1","Regular","0"
"Alpine A110 GT4","303","Lorenzo Tresoldi (TRE)","","58","40","0","Invalid lap. ","0L","1:58,137","0:32,005","0:40,050","0:46,082","+11,519","+13,323","+2,800","+9,896","","Wet","0","0","0","0","0","0","0","0","1","0 Km/h","0","0","0","0","0","0","0","0","0","3","1","Regular","0"
"Alpine A110 GT4","303","Lorenzo Tresoldi (TRE)","","59","40","0","","0L","1:57,217","0:32,735","0:39,095","0:45,387","+10,599","+12,403","+1,880","+8,976","","Wet","0","0","0","0","0","0","0","0","1","0 Km/h","0","0","0","0","0","0","0","0","0","3","1","Regular","0"
"Alpine A110 GT4","303","Lorenzo Tresoldi (TRE)","","60","40","0","","0L","1:56,552","0:32,335","0:38,515","0:45,702","+9,934","+11,738","+1,215","+8,311","","Wet","0","0","0","0","0","0","0","0","1","0 Km/h","0","0","0","0","0","0","0","0","0","3","1","Regular","0"
"Alpine A110 GT4","303","Lorenzo Tresoldi (TRE)","","61","40","0","Invalid lap. ","0L","1:57,837","0:32,252","0:39,827","0:45,757","+11,219","+13,023","+2,500","+9,596","","Wet","0","0","0","0","0","0","0","0","1","0 Km/h","0","0","0","0","0","0","0","0","0","3","1","Regular","0"
"Alpine A110 GT4","303","Lorenzo Tresoldi (TRE)","","62","40","0","Invalid lap. ","0L","1:57,512","0:32,192","0:40,207","0:45,112","+10,894","+12,698","+2,175","+9,271","","Wet","0","0","0","0","0","0","0","0","1","0 Km/h","0","0","0","0","0","0","0","0","0","3","1","Regular","0"
"Alpine A110 GT4","303","Lorenzo Tresoldi (TRE)","","63","39","0","Invalid lap. ","0L","1:56,872","0:32,797","0:38,720","0:45,355","+10,254","+12,058","+1,535","+8,631","","Wet","0","0","0","0","0","0","0","0","1","0 Km/h","0","0","0","0","0","0","0","0","0","3","1","Regular","0"
"Alpine A110 GT4","303","Lorenzo Tresoldi (TRE)","","64","38","0","","0L","1:56,487","0:32,652","0:38,715","0:45,120","+9,869","+11,673","+1,150","+8,246","","Wet","0","0","0","0","0","0","0","0","1","0 Km/h","0","0","0","0","0","0","0","0","0","3","1","Regular","0"
"Alpine A110 GT4","303","Lorenzo Tresoldi (TRE)","","65","37","0","","0L","2:09,052","0:32,145","0:38,707","0:58,200","+22,434","+24,238","+13,715","+20,811","","Wet","0","0","0","0","0","0","0","0","1","0 Km/h","0","0","0","0","0","0","0","0","0","3","1","Inlap","0"
"Alpine A110 GT4","303","Robert Arlavi (ARL)","","66","40","0","","0L","2:45,730","","0:38,222","0:45,102","+59,112","+60,916","+50,393","+57,489","","Wet","0","0","0","0","0","0","0","0","1","0 Km/h","0","0","0","0","0","0","0","0","0","3","33","Outlap","0"
"Alpine A110 GT4","303","Robert Arlavi (ARL)","","67","40","0","","0L","1:55,215","0:32,190","0:38,027","0:44,997","+8,597","+10,401","-0,122","+6,974","","Wet","0","0","0","0","0","0","0","0","1","0 Km/h","0","0","0","0","0","0","0","0","0","3","33","Regular","0"
"Alpine A110 GT4","303","Robert Arlavi (ARL)","","68","40","0","","0L","1:56,167","0:32,212","0:38,290","0:45,665","+9,549","+11,353","+0,830","+7,926","","Wet","0","0","0","0","0","0","0","0","1","0 Km/h","0","0","0","0","0","0","0","0","0","3","33","Regular","0"
"Alpine A110 GT4","303","Robert Arlavi (ARL)","","69","40","0","","0L","1:55,585","0:32,355","0:38,475","0:44,755","+8,967","+10,771","+0,248","+7,344","","Wet","0","0","0","0","0","0","0","0","1","0 Km/h","0","0","0","0","0","0","0","0","0","3","33","Regular","0"
"Alpine A110 GT4","303","Robert Arlavi (ARL)","","70","40","0","","0L","1:56,830","0:33,505","0:38,510","0:44,815","+10,212","+12,016","+1,493","+8,589","","Wet","0","0","0","0","0","0","0","0","1","0 Km/h","0","0","0","0","0","0","0","0","0","3","33","Regular","0"
"Alpine A110 GT4","303","Robert Arlavi (ARL)","","71","40","0","","0L","1:54,865","0:32,065","0:37,895","0:44,905","+8,247","+10,051","-0,472","+6,624","","Wet","0","0","0","0","0","0","0","0","1","0 Km/h","0","0","0","0","0","0","0","0","0","3","33","Regular","0"
"Alpine A110 GT4","303","Robert Arlavi (ARL)","","72","40","0","","0L","1:55,000","0:32,265","0:38,060","0:44,675","+8,382","+10,186","-0,337","+6,759","","Wet","0","0","0","0","0","0","0","0","1","0 Km/h","0","0","0","0","0","0","0","0","0","3","33","Regular","0"
"Alpine A110 GT4","303","Robert Arlavi (ARL)","","73","40","0","","0L","1:55,617","0:32,132","0:38,080","0:45,405","+8,999","+10,803","+0,280","+7,376","","Wet","0","0","0","0","0","0","0","0","1","0 Km/h","0","0","0","0","0","0","0","0","0","3","33","Regular","0"
"Alpine A110 GT4","303","Robert Arlavi (ARL)","","74","40","0","","0L","1:56,337","0:32,117","0:38,557","0:45,662","+9,719","+11,523","+1,000","+8,096","","Wet","0","0","0","0","0","0","0","0","1","0 Km/h","0","0","0","0","0","0","0","0","0","3","33","Regular","0"
"Alpine A110 GT4","303","Robert Arlavi (ARL)","","75","40","0","","0L","1:55,510","0:32,180","0:38,340","0:44,990","+8,892","+10,696","+0,173","+7,269","","Wet","0","0","0","0","0","0","0","0","1","0 Km/h","0","0","0","0","0","0","0","0","0","3","33","Regular","0"
"Alpine A110 GT4","303","Robert Arlavi (ARL)","","76","40","0","","0L","1:56,305","0:33,065","0:38,337","0:44,902","+9,687","+11,491","+0,968","+8,064","","Wet","0","0","0","0","0","0","0","0","1","0 Km/h","0","0","0","0","0","0","0","0","0","3","33","Regular","0"
"Alpine A110 GT4","303","Robert Arlavi (ARL)","","77","40","0","","0L","1:55,425","0:32,320","0:38,252","0:44,852","+8,807","+10,611","+0,088","+7,184","","Wet","0","0","0","0","0","0","0","0","1","0 Km/h","0","0","0","0","0","0","0","0","0","3","33","Regular","0"
"Alpine A110 GT4","303","Robert Arlavi (ARL)","","78","40","0","Invalid lap. ","0L","1:56,037","0:32,105","0:39,012","0:44,920","+9,419","+11,223","+0,700","+7,796","","Wet","0","0","0","0","0","0","0","0","1","0 Km/h","0","0","0","0","0","0","0","0","0","3","33","Regular","0"
"Alpine A110 GT4","303","Robert Arlavi (ARL)","","79","40","0","","0L","1:56,720","0:32,127","0:39,632","0:44,960","+10,102","+11,906","+1,383","+8,479","","Wet","0","0","0","0","0","0","0","0","1","0 Km/h","0","0","0","0","0","0","0","0","0","3","33","Regular","0"
"Alpine A110 GT4","303","Robert Arlavi (ARL)","","80","40","0","","0L","1:56,790","0:32,577","0:38,960","0:45,252","+10,172","+11,976","+1,453","+8,549","","Wet","0","0","0","0","0","0","0","0","1","0 Km/h","0","0","0","0","0","0","0","0","0","3","33","Regular","0"
"Alpine A110 GT4","303","Robert Arlavi (ARL)","","81","40","0","","0L","1:55,682","0:32,130","0:38,407","0:45,145","+9,064","+10,868","+0,345","+7,441","","Wet","0","0","0","0","0","0","0","0","1","0 Km/h","0","0","0","0","0","0","0","0","0","3","33","Regular","0"
"Alpine A110 GT4","303","Robert Arlavi (ARL)","","82","40","0","","0L","1:56,082","0:32,505","0:38,515","0:45,062","+9,464","+11,268","+0,745","+7,841","","Wet","0","0","0","0","0","0","0","0","1","0 Km/h","0","0","0","0","0","0","0","0","0","3","33","Regular","0"
"Alpine A110 GT4","303","Robert Arlavi (ARL)","","83","40","0","","0L","1:55,835","0:32,140","0:38,202","0:45,492","+9,217","+11,021","+0,498","+7,594","","Wet","0","0","0","0","0","0","0","0","1","0 Km/h","0","0","0","0","0","0","0","0","0","3","33","Regular","0"
"Alpine A110 GT4","303","Robert Arlavi (ARL)","","84","40","0","","0L","1:56,072","0:32,202","0:38,345","0:45,525","+9,454","+11,258","+0,735","+7,831","","Wet","0","0","0","0","0","0","0","0","1","0 Km/h","0","0","0","0","0","0","0","0","0","3","33","Regular","0"
"Alpine A110 GT4","303","Robert Arlavi (ARL)","","85","40","0","","0L","1:56,287","0:32,135","0:38,247","0:45,905","+9,669","+11,473","+0,950","+8,046","","Wet","0","0","0","0","0","0","0","0","1","0 Km/h","0","0","0","0","0","0","0","0","0","3","33","Regular","0"
"Alpine A110 GT4","303","Robert Arlavi (ARL)","","86","40","0","","0L","1:55,747","0:32,130","0:38,422","0:45,195","+9,129","+10,933","+0,410","+7,506","","Wet","0","0","0","0","0","0","0","0","1","0 Km/h","0","0","0","0","0","0","0","0","0","3","33","Regular","0"
"Alpine A110 GT4","303","Robert Arlavi (ARL)","","87","40","0","","0L","1:55,975","0:32,052","0:38,972","0:44,950","+9,357","+11,161","+0,638","+7,734","","Wet","0","0","0","0","0","0","0","0","1","0 Km/h","0","0","0","0","0","0","0","0","0","3","33","Regular","0"
"Alpine A110 GT4","303","Robert Arlavi (ARL)","","88","40","0","","0L","1:56,990","0:33,102","0:38,902","0:44,985","+10,372","+12,176","+1,653","+8,749","","Wet","0","0","0","0","0","0","0","0","1","0 Km/h","0","0","0","0","0","0","0","0","0","3","33","Regular","0"
"Alpine A110 GT4","303","Robert Arlavi (ARL)","","89","40","0","","0L","1:57,190","0:33,502","0:38,417","0:45,270","+10,572","+12,376","+1,853","+8,949","","Wet","0","0","0","0","0","0","0","0","1","0 Km/h","0","0","0","0","0","0","0","0","0","3","33","Regular","0"
"Alpine A110 GT4","303","Robert Arlavi (ARL)","","90","40","0","","0L","1:55,952","0:32,187","0:38,332","0:45,432","+9,334","+11,138","+0,615","+7,711","","Wet","0","0","0","0","0","0","0","0","1","0 Km/h","0","0","0","0","0","0","0","0","0","3","33","Regular","0"
"Alpine A110 GT4","303","Robert Arlavi (ARL)","","91","40","0","","0L","1:55,825","0:32,222","0:38,277","0:45,325","+9,207","+11,011","+0,488","+7,584","","Wet","0","0","0","0","0","0","0","0","1","0 Km/h","0","0","0","0","0","0","0","0","0","3","33","Regular","0"
"Alpine A110 GT4","303","Robert Arlavi (ARL)","","92","40","0","","0L","1:55,685","0:32,462","0:38,085","0:45,137","+9,067","+10,871","+0,348","+7,444","","Wet","0","0","0","0","0","0","0","0","1","0 Km/h","0","0","0","0","0","0","0","0","0","3","33","Regular","0"
"Alpine A110 GT4","303","Robert Arlavi (ARL)","","93","38","0","","0L","1:55,622","0:32,217","0:38,210","0:45,195","+9,004","+10,808","+0,285","+7,381","","Wet","0","0","0","0","0","0","0","0","1","0 Km/h","0","0","0","0","0","0","0","0","0","3","33","Regular","0"
"Alpine A110 GT4","303","Robert Arlavi (ARL)","","94","38","0","","0L","1:57,145","0:32,355","0:38,757","0:46,032","+10,527","+12,331","+1,808","+8,904","","Wet","0","0","0","0","0","0","0","0","1","0 Km/h","0","0","0","0","0","0","0","0","0","3","33","Regular","0"
"Alpine A110 GT4","303","Robert Arlavi (ARL)","","95","38","0","","0L","1:56,365","0:32,172","0:38,787","0:45,405","+9,747","+11,551","+1,028","+8,124","","Wet","0","0","0","0","0","0","0","0","1","0 Km/h","0","0","0","0","0","0","0","0","0","3","33","Regular","0"
"Alpine A110 GT4","303","Robert Arlavi (ARL)","","96","38","0","","0L","1:56,430","0:32,290","0:38,560","0:45,580","+9,812","+11,616","+1,093","+8,189","","Wet","0","0","0","0","0","0","0","0","1","0 Km/h","0","0","0","0","0","0","0","0","0","3","33","Regular","0"
"Alpine A110 GT4","303","Robert Arlavi (ARL)","","97","36","0","","0L","1:56,802","0:32,467","0:39,010","0:45,325","+10,184","+11,988","+1,465","+8,561","","Wet","0","0","0","0","0","0","0","0","1","0 Km/h","0","0","0","0","0","0","0","0","0","3","33","Regular","0"
"Alpine A110 GT4","303","Robert Arlavi (ARL)","","98","37","69,5293045043945","","0L","2:09,910","0:32,412","0:38,875","0:58,622","+23,292","+25,096","+14,573","+21,669","OPTIMUM","Dry","26,9227404263566","26,2151984108527","26,8056936821705","26,6111879457364","69,3195768604651","73,7923882558139","79,54257","82,5431697674419","1","49 Km/h","0","0","0","0","0","0","21,9179","27,69626","0","3","33","Inlap","0"
"Alpine A110 GT4","303","Ville Synkkanen (SYN)","","99","39","67,1694564819336","","0L","2:44,042","","0:38,252","0:44,927","+57,424","+59,228","+48,705","+55,801","OPTIMUM","Dry","24,7788494043321","24,4112688267148","24,37665566787","24,2790253068592","45,4130685740072","53,0424424909747","52,6818871119134","57,9149114801444","1","246 Km/h","26,8634421641791","0","0","0","0","0","21,89245","27,62189","0","3","31","Outlap","0"
"Alpine A110 GT4","303","Ville Synkkanen (SYN)","","100","39","64,8369445800781","","0L","1:54,742","0:32,090","0:38,062","0:44,590","+8,124","+9,928","-0,595","+6,501","OPTIMUM","Dry","26,5904653125","26,5327107720588","26,603035625","26,6725421139706","64,3012265441177","75,1767025367647","75,8905034007353","82,8645348345588","1","247 Km/h","14,7314990512334","0","0","0","0","0","21,86672","27,54674","0","3","31","Regular","0"
"Alpine A110 GT4","303","Ville Synkkanen (SYN)","","101","39","62,4782829284668","","0L","1:54,555","0:32,020","0:37,937","0:44,597","+7,937","+9,741","-0,782","+6,314","OPTIMUM","Dry","26,8560177798165","26,8756906055046","26,9053836146789","27,0149063119266","67,0845906972477","78,7750536880734","79,057157559633","86,448020440367","1","247 Km/h","15,4288825757576","0","0","0","0","0","21,8407","27,4708","0","3","31","Regular","0"
"Alpine A110 GT4","303","Ville Synkkanen (SYN)","","102","39","60,1363487243652","","0L","1:54,142","0:31,917","0:37,937","0:44,287","+7,524","+9,328","-1,195","+5,901","OPTIMUM","Dry","26,8993043278085","26,8706742541436","26,9461421731123","27,054832854512","67,5528390239411","79,2042866482505","79,4990694475138","86,8812653222836","1","248 Km/h","15,7109653233365","0","0","0","0","0","21,81438","27,39405","0","3","31","Regular","0"
"Alpine A110 GT4","303","Ville Synkkanen (SYN)","","103","39","57,8150939941406","","0L","1:55,130","0:32,080","0:38,125","0:44,925","+8,512","+10,316","-0,207","+6,889","OPTIMUM","Dry","26,9593833211679","26,830268120438","27,0124359854015","27,0928641423358","68,1962404927007","79,0089066423358","80,2072067883212","87,2950070437956","1","247 Km/h","16,0242194891202","0","0","0","0","0","21,78776","27,31649","0","3","31","Regular","0"
"Alpine A110 GT4","303","Ville Synkkanen (SYN)","","104","39","55,4890174865723","","0L","1:54,817","0:31,985","0:38,227","0:44,605","+8,199","+10,003","-0,520","+6,576","OPTIMUM","Dry","26,9237807155963","26,7943042018349","27,008357706422","27,0606276880734","67,843226","78,6521296697248","80,1825728623853","86,9770583302752","1","245 Km/h","14,8551463644948","0","0","0","0","0","21,76084","27,23812","0","3","31","Regular","0"
"Alpine A110 GT4","303","Ville Synkkanen (SYN)","","105","38","53,1496315002441","Invalid lap. ","0L","1:54,357","0:32,162","0:37,810","0:44,385","+7,739","+9,543","-0,980","+6,116","OPTIMUM","Dry","26,9687896685083","26,8728345303867","27,0112210865562","27,1168571823204","68,3300634990792","79,488152412523","80,2303951197053","87,580777053407","1","247 Km/h","14,1342080599813","0","0","0","0","0","21,73358","27,15888","0","3","31","Regular","0"
"Alpine A110 GT4","303","Ville Synkkanen (SYN)","","106","38","50,8216552734375","","0L","1:54,650","0:31,970","0:38,137","0:44,542","+8,032","+9,836","-0,687","+6,409","OPTIMUM","Dry","26,9629435110294","26,8355802573529","27,0290161764706","27,1003996691176","68,2873422058824","79,1182574632353","80,4339320955882","87,4275125183824","1","248 Km/h","14,3754020813623","0","0","0","0","0","21,70721","27,0823","0","3","31","Regular","0"
"Alpine A110 GT4","303","Ville Synkkanen (SYN)","","107","38","48,4658393859863","Invalid lap. ","0L","1:54,870","0:32,085","0:38,140","0:44,645","+8,252","+10,056","-0,467","+6,629","OPTIMUM","Dry","26,9384859266055","26,8386558165138","27,0197351559633","27,0847586238532","68,051010587156","79,1687303302752","80,355692440367","87,6116960366972","1","247 Km/h","14,2484848484848","0","0","0","0","0","21,6793","27,00138","0","3","31","Regular","0"
"Alpine A110 GT4","303","Ville Synkkanen (SYN)","","108","38","46,0969161987305","","0L","1:55,207","0:32,712","0:38,005","0:44,490","+8,589","+10,393","-0,130","+6,966","OPTIMUM","Dry","26,9158368430657","26,8160933576642","26,9896555109489","27,0341666788321","67,8338401642336","79,12733","80,061118229927","87,378923229927","1","247 Km/h","16,2077651515152","0","0","0","0","0","21,65104","26,91956","0","3","31","Regular","0"
"Alpine A110 GT4","303","Ville Synkkanen (SYN)","","109","38","43,7625770568848","","0L","1:54,557","0:31,937","0:37,832","0:44,787","+7,939","+9,743","-0,780","+6,316","OPTIMUM","Dry","26,9381265745856","26,8096203499079","27,0171284346225","27,0331333701657","68,0849483241252","79,355985174954","80,3662223941068","87,5911055616943","1","249 Km/h","14,5312440645774","0","0","0","0","0","21,62241","26,83682","0","3","31","Regular","0"
"Alpine A110 GT4","303","Ville Synkkanen (SYN)","","110","38","41,4262313842773","","0L","1:54,597","0:31,970","0:38,042","0:44,585","+7,979","+9,783","-0,740","+6,356","OPTIMUM","Dry","26,9171555882353","26,7882985845588","27,0397234375","27,0562360845588","67,8856370772059","79,1530143933823","80,6207200919118","87,8508887683823","1","248 Km/h","16,423418319169","0","0","0","0","0","21,59342","26,75317","0","3","31","Regular","0"
"Alpine A110 GT4","303","Ville Synkkanen (SYN)","","111","38","39,0793151855469","","0L","1:54,620","0:31,962","0:38,110","0:44,547","+8,002","+9,806","-0,717","+6,379","OPTIMUM","Dry","26,9022157798165","26,676144293578","27,0188913944954","27,0333299633028","67,7494303486238","78,9569184036697","80,4231361651376","87,6317016697248","1","248 Km/h","14,5088461538462","0","0","0","0","0","21,56403","26,66855","0","3","31","Regular","0"
"Alpine A110 GT4","303","Ville Synkkanen (SYN)","","112","38","36,733081817627","","0L","1:54,812","0:32,030","0:38,250","0:44,532","+8,194","+9,998","-0,525","+6,571","OPTIMUM","Dry","26,9068992279412","26,6092169485294","27,01544","27,0197128492647","67,8178840808824","78,7003551102941","80,4949969301471","87,5095236029412","1","248 Km/h","16,3802803738318","0","0","0","0","0","21,53425","26,58298","0","3","31","Regular","0"
"Alpine A110 GT4","303","Ville Synkkanen (SYN)","","113","37","34,3876304626465","","0L","1:54,547","0:32,040","0:37,967","0:44,540","+7,929","+9,733","-0,790","+6,306","OPTIMUM","Dry","26,9175482688766","26,5762817495396","27,0678997237569","27,042788305709","67,9487278453039","78,5713522099448","81,1501700736648","87,7698110497238","1","247 Km/h","14,3520114942529","0","0","0","0","0","21,50405","26,4964","0","3","31","Regular","0"
"Alpine A110 GT4","303","Ville Synkkanen (SYN)","","114","36","32,0544776916504","","0L","1:54,650","0:31,982","0:37,827","0:44,840","+8,032","+9,836","-0,687","+6,409","OPTIMUM","Dry","26,8844357720588","26,5837040808824","27,0276614522059","27,0420251470588","67,6240097242647","78,7543588235294","81,0559821323529","87,7820631801471","1","248 Km/h","14,7185781990521","0","0","0","0","0","21,47343","26,40885","0","3","31","Regular","0"
"Alpine A110 GT4","303","Ville Synkkanen (SYN)","","115","36","29,7510623931885","","0L","1:54,717","0:32,007","0:38,185","0:44,525","+8,099","+9,903","-0,620","+6,476","OPTIMUM","Dry","26,8295318819188","26,5467125645756","26,9433822693727","27,0182033763838","67,0725900553506","78,3895286346864","80,3492741697417","87,5544161070111","1","247 Km/h","14,1524299065421","0","1,65446","1,65446","0","0","21,44238","26,32027","0","3","31","Regular","1"
"Alpine A110 GT4","303","Ville Synkkanen (SYN)","","116","36","27,4034938812256","Invalid lap. ","0L","1:54,692","0:31,982","0:37,977","0:44,732","+8,074","+9,878","-0,645","+6,451","OPTIMUM","Dry","26,8139364770642","26,5645353394495","26,9581723486238","27,0571991926605","66,9309249541284","78,5959713394495","80,5241252293578","87,9814162018349","1","248 Km/h","14,2706679574056","0","1,65446","1,65446","0","0","21,41089","26,23065","0","3","31","Regular","0"
"Alpine A110 GT4","303","Ville Synkkanen (SYN)","","117","36","25,0628433227539","","0L","1:54,530","0:32,075","0:37,965","0:44,490","+7,912","+9,716","-0,807","+6,289","OPTIMUM","Dry","26,8395501845018","26,5136860885609","27,0075580258303","27,0519850738007","67,2187862361624","78,0873403136531","81,2206000369004","87,9481509778598","1","250 Km/h","14,8042613636364","0","1,65446","1,65446","0","0","21,37893","26,13998","0","3","31","Regular","0"
"Alpine A110 GT4","303","Ville Synkkanen (SYN)","","118","36","22,7399005889893","Invalid lap. ","0L","1:54,952","0:31,967","0:38,410","0:44,575","+8,334","+10,138","-0,385","+6,711","OPTIMUM","Dry","26,8081020695971","26,5254382600733","26,921746007326","26,99982003663","66,9126170879121","78,2311718315018","80,5091298168498","87,4261765934066","1","248 Km/h","14,8293726235741","0","1,65446","1,65446","0","0","21,34651","26,04825","0","3","31","Regular","0"
"Alpine A110 GT4","303","Ville Synkkanen (SYN)","","119","36","20,4112663269043","","0L","1:55,095","0:32,107","0:38,245","0:44,742","+8,477","+10,281","-0,242","+6,854","OPTIMUM","Dry","26,7890701639344","26,4546269216758","26,8608173770492","26,9667454098361","66,7361712750455","77,5153615664845","80,119619708561","87,1034563752277","1","248 Km/h","14,7494252873563","0","1,65446","1,65446","0","0","21,31361","25,95543","0","3","31","Regular","0"
"Alpine A110 GT4","303","Ville Synkkanen (SYN)","","120","36","18,075834274292","","0L","1:54,597","0:32,015","0:37,950","0:44,632","+7,979","+9,783","-0,740","+6,356","OPTIMUM","Dry","26,7670430656934","26,4577945255474","26,8501114963504","26,9634658759124","66,5287409854015","77,5703755109489","80,1399748540146","87,0913087408759","1","248 Km/h","16,7406666666667","0","1,65446","1,65446","0","0","21,28023","25,86154","0","3","31","Regular","0"
"Alpine A110 GT4","303","Ville Synkkanen (SYN)","","121","36","15,7205495834351","","0L","1:54,370","0:32,065","0:37,745","0:44,560","+7,752","+9,556","-0,967","+6,129","OPTIMUM","Dry","26,7995325500911","26,5101011839709","26,8774424590164","27,0338707103825","66,8894810746812","78,3168164298725","80,4964511111111","87,8470015482696","1","248 Km/h","16,8761553211889","0","1,65446","1,65446","0","0","21,24635","25,76656","0","3","31","Regular","0"
"Alpine A110 GT4","303","Ville Synkkanen (SYN)","","122","36","13,3952398300171","","0L","1:54,912","0:32,185","0:38,282","0:44,445","+8,294","+10,098","-0,425","+6,671","OPTIMUM","Dry","26,7865565090909","26,4625602363636","26,8599798909091","26,9794566","66,7769958727273","77,9240103272727","80,3865238727273","87,3028744909091","1","248 Km/h","16,7650095057034","0","1,65446","1,65446","0","0","21,21197","25,67047","0","3","31","Regular","0"
"Alpine A110 GT4","303","Ville Synkkanen (SYN)","","123","36","11,0858354568481","Invalid lap. ","0L","1:54,887","0:31,910","0:38,445","0:44,532","+8,269","+10,073","-0,450","+6,646","OPTIMUM","Dry","26,7508448094374","26,4313270417423","26,7865003448276","26,9501813430127","66,4280349183303","77,6217004537205","80,0819985662432","87,0209556261343","1","248 Km/h","15,1849328214971","0","1,65446","1,65446","0","0","21,17708","25,57329","0","3","31","Regular","0"
"Alpine A110 GT4","303","Ville Synkkanen (SYN)","","124","34","8,7136287689209","Invalid lap. ","0L","2:03,882","0:32,237","0:46,195","0:45,450","+17,264","+19,068","+8,545","+15,641","OPTIMUM","Dry","26,6159437878788","26,4497801515152","26,5343651851852","26,9116560774411","65,5724349494949","78,0687811616162","79,961454983165","87,2803146127946","1","248 Km/h","17,6360700757576","84,41113","1,65446","102,4788","0","1,009943","21,14012","25,4707","0","3","31","Regular","1"
"Alpine A110 GT4","303","Ville Synkkanen (SYN)","","125","34","6,44191837310791","","0L","2:10,452","0:33,092","0:38,997","0:58,362","+23,834","+25,638","+15,115","+22,211","OPTIMUM","Dry","26,4820272567783","26,3434363795853","26,3592402073365","26,8051491547049","64,7150918819777","77,141552185008","80,1482264593301","86,610774800638","1","233 Km/h","14,7509214354995","84,41113","1,65446","102,4788","0","1,009943","21,09946","25,35822","0","3","31","Inlap","0"
"Alpine A110 GT4","303","Ville Synkkanen (SYN)","","126","35","77,1054077148438","","0L","3:17,680","","0:38,760","0:45,155","+91,062","+92,866","+82,343","+89,439","OPTIMUM","Dry","25,5275195574289","24,8979662908325","24,9969411275026","24,942027028451","53,8447206533193","59,7058609378293","61,8688761538462","65,7813948998946","1","246 Km/h","27,0146905222437","0","0","0","0","0","21,03559","25,18244","0","3","31","Outlap","0"
"Alpine A110 GT4","303","Ville Synkkanen (SYN)","","127","34","74,8056716918945","","0L","1:55,642","0:31,975","0:38,842","0:44,825","+9,024","+10,828","+0,305","+7,401","OPTIMUM","Dry","26,5767590843806","26,464854524237","26,5356299281867","26,5744181687612","64,1709924775583","74,4636615978456","75,2009039856373","81,8549514901257","1","249 Km/h","14,6252157238734","0","0","0","0","0","20,99815","25,0799","0","3","31","Regular","0"
"Alpine A110 GT4","303","Ville Synkkanen (SYN)","","128","34","72,4574356079102","","0L","1:54,170","0:31,985","0:37,750","0:44,435","+7,552","+9,356","-1,167","+5,929","OPTIMUM","Dry","26,841512919708","26,8384207481752","26,8511580656934","26,9439932664234","66,9539749270073","78,3800983941606","78,5127794525547","85,7298191240876","1","249 Km/h","15,8505813953488","0","0","0","0","0","20,9602","24,9763","0","3","31","Regular","0"
"Alpine A110 GT4","303","Ville Synkkanen (SYN)","","129","34","70,106559753418","","0L","1:54,652","0:31,982","0:37,640","0:45,030","+8,034","+9,838","-0,685","+6,411","OPTIMUM","Dry","26,9152450543478","26,9524678442029","26,9087490942029","27,0381523550725","67,7473121376812","79,5933864673913","79,1379841847826","86,7359376630435","1","248 Km/h","14,8448039215686","0","0","0","0","0","20,92173","24,87165","0","3","31","Regular","0"
"Alpine A110 GT4","303","Ville Synkkanen (SYN)","","130","34","67,7736358642578","","0L","1:54,452","0:32,230","0:37,725","0:44,497","+7,834","+9,638","-0,885","+6,211","OPTIMUM","Dry","26,8673656884058","26,9571595652174","26,9169664311594","27,0605767210145","67,274288134058","79,6679781521739","79,2493001449275","86,9952442572464","1","247 Km/h","14,1029328287606","0","0","0","0","0","20,88276","24,76602","0","3","31","Regular","0"
"Alpine A110 GT4","303","Ville Synkkanen (SYN)","","131","34","65,4355010986328","","0L","1:54,330","0:32,160","0:37,740","0:44,430","+7,712","+9,516","-1,007","+6,089","OPTIMUM","Dry","26,9480791985428","26,9155042440801","26,9588316211293","27,0507119672131","68,1410522404372","79,2600667395264","79,7113921493625","86,9184829872495","1","247 Km/h","14,3596374045802","0","0","0","0","0","20,84329","24,6594","0","3","31","Regular","0"
"Alpine A110 GT4","303","Ville Synkkanen (SYN)","","132","34","63,0990180969238","","0L","1:55,120","0:32,085","0:37,822","0:45,212","+8,502","+10,306","-0,217","+6,879","OPTIMUM","Dry","26,9430764855072","26,9264821557971","26,9629498188406","27,0558691847826","68,1153417210145","79,4008205615942","79,7806899637681","86,9986042028986","1","247 Km/h","14,2407662082515","0","0","0","0","0","20,80334","24,55182","0","3","31","Regular","0"
"Alpine A110 GT4","303","Ville Synkkanen (SYN)","","133","34","60,7802314758301","","0L","1:54,657","0:32,070","0:37,875","0:44,712","+8,039","+9,843","-0,680","+6,416","OPTIMUM","Dry","26,8836553818182","26,8058929090909","26,9351218181818","27,0004934727273","67,523094","78,4915178363636","79,5175376909091","86,4484953272727","1","248 Km/h","15,8143295019157","0","0","0","0","0","20,76467","24,44807","0","3","31","Regular","0"
"Alpine A110 GT4","303","Ville Synkkanen (SYN)","","134","34","58,4530639648438","","0L","1:54,985","0:32,080","0:38,057","0:44,847","+8,367","+10,171","-0,352","+6,744","OPTIMUM","Dry","26,8662099638336","26,7957302169982","26,9144362929476","27,0142852622061","67,3684429475588","78,5559417179023","79,580619801085","86,6192349728752","1","247 Km/h","16,7235161606268","0","0","0","0","0","20,7238","24,33874","0","3","31","Regular","0"
"Alpine A110 GT4","303","Ville Synkkanen (SYN)","","135","34","56,1081924438477","","0L","1:55,580","0:31,985","0:38,802","0:44,792","+8,962","+10,766","+0,243","+7,339","OPTIMUM","Dry","26,8653834054054","26,7456750810811","26,8559268828829","26,9839166126126","67,3872748828829","78,0619752432432","79,2509809189189","86,330333963964","1","248 Km/h","15,0014605647517","0","0","0","0","0","20,68068","24,22378","0","3","31","Regular","0"
"Alpine A110 GT4","303","Ville Synkkanen (SYN)","","136","33","53,7442283630371","","0L","1:54,795","0:31,955","0:38,110","0:44,730","+8,177","+9,981","-0,542","+6,554","OPTIMUM","Dry","26,8546156521739","26,8308833333333","26,8642670289855","27,0569703985507","67,3028419927536","78,97729625","79,3655939855073","87,1190490760869","1","247 Km/h","14,9268325358852","0","0","0","0","0","20,64075","24,11767","0","3","31","Regular","0"
"Alpine A110 GT4","303","Ville Synkkanen (SYN)","","137","33","51,3806571960449","","0L","1:54,627","0:32,287","0:37,752","0:44,587","+8,009","+9,813","-0,710","+6,386","OPTIMUM","Dry","26,8728023956443","26,8425544101633","26,8966430127042","27,0526964065336","67,5201671506352","79,1267464065336","79,7307203085299","87,1024049364791","1","247 Km/h","16,97702268431","0","0","0","0","0","20,59861","24,00599","0","3","31","Regular","0"
"Alpine A110 GT4","303","Ville Synkkanen (SYN)","","138","33","49,0299491882324","","0L","1:54,670","0:32,275","0:37,882","0:44,512","+8,052","+9,856","-0,667","+6,429","OPTIMUM","Dry","26,8880442286751","26,7855704174229","26,8975468965517","27,0192299092559","67,7070679673321","78,5612963520871","79,7682705263158","86,7819286569873","1","246 Km/h","14,6086240310078","0","0","0","0","0","20,55609","23,89366","0","3","31","Regular","0"
"Alpine A110 GT4","303","Ville Synkkanen (SYN)","","139","33","46,6867256164551","","0L","1:55,190","0:32,287","0:38,102","0:44,800","+8,572","+10,376","-0,147","+6,949","OPTIMUM","Dry","26,874553363472","26,7231753887884","26,8975895298373","27,011229801085","67,5950105424955","77,9398204701627","79,7971837432188","86,7270620072333","1","248 Km/h","14,6150485436893","0","0","0","0","0","20,51323","23,78072","0","3","31","Regular","0"
"Alpine A110 GT4","303","Ville Synkkanen (SYN)","","140","33","44,3477592468262","","0L","1:54,590","0:32,015","0:38,030","0:44,545","+7,972","+9,776","-0,747","+6,349","OPTIMUM","Dry","26,8019508545454","26,7035365090909","26,8442991090909","26,9746495272727","66,8673928","77,7639074181818","79,2707349090909","86,3746788909091","1","247 Km/h","17,5323349282297","0","0","0","0","0","20,47004","23,66725","0","3","31","Regular","0"
"Alpine A110 GT4","303","Ville Synkkanen (SYN)","","141","33","42,0159683227539","","0L","1:55,170","0:31,995","0:38,425","0:44,750","+8,552","+10,356","-0,167","+6,929","OPTIMUM","Dry","26,7504150813743","26,7025920253165","26,8199266184448","26,9698718987342","66,3594399276673","77,7829477034358","79,0457337974684","86,3537888426763","1","247 Km/h","16,675506268081","0","0","0","0","0","20,42655","23,55328","0","3","31","Regular","0"
"Alpine A110 GT4","303","Ville Synkkanen (SYN)","","142","33","39,6482086181641","","0L","1:54,680","0:32,052","0:37,965","0:44,662","+8,062","+9,866","-0,657","+6,439","OPTIMUM","Dry","26,7244800546448","26,7363202367942","26,8744387249545","27,0276038251366","66,1183326411658","78,3013722222222","79,6426163752277","87,1297609836066","1","247 Km/h","16,1592748091603","0","0","0","0","0","20,3828","23,43889","0","3","31","Regular","0"
"Alpine A110 GT4","303","Ville Synkkanen (SYN)","","143","32","37,3187599182129","","0L","1:55,050","0:32,075","0:38,255","0:44,720","+8,432","+10,236","-0,287","+6,809","OPTIMUM","Dry","26,769996884058","26,632828115942","26,90120375","26,9898431702898","66,6216729710145","78,0186671376812","79,9506242753623","87,0404417210145","1","247 Km/h","14,5772507260407","0","0","0","0","0","20,33882","23,32419","0","3","31","Regular","0"
"Alpine A110 GT4","303","Ville Synkkanen (SYN)","","144","32","34,971363067627","","0L","1:54,735","0:32,057","0:37,900","0:44,777","+8,117","+9,921","-0,602","+6,494","OPTIMUM","Dry","26,7384460291439","26,5538941712204","26,8848836247723","26,9595749908925","66,3223355919854","77,6104751183971","79,8099408014572","86,7869610564663","1","247 Km/h","16,7760194174757","0","0","0","0","0","20,29465","23,20922","0","3","31","Regular","0"
"Alpine A110 GT4","303","Ville Synkkanen (SYN)","","145","32","32,6482353210449","","0L","1:54,917","0:32,052","0:38,187","0:44,677","+8,299","+10,103","-0,420","+6,676","OPTIMUM","Dry","26,708340634058","26,5580170652174","26,8265801992754","26,9453112137681","66,0381977355073","77,6828818478261","79,2469246557971","86,6773172826087","1","247 Km/h","15,0444015444015","1,378883","0","5,484904","0","4,106021","20,25032","23,09405","0","3","31","Regular","0"
"Alpine A110 GT4","303","Ville Synkkanen (SYN)","","146","32","30,3134708404541","","0L","1:55,310","0:32,012","0:38,097","0:45,200","+8,692","+10,496","-0,027","+7,069","OPTIMUM","Dry","26,703969566787","26,5168759566787","26,8534434837545","26,8371585559567","66,0222932310469","77,2839558303249","79,6226895306859","86,4626762093863","1","248 Km/h","14,8285167464115","1,378883","0","5,484904","0","4,106021","20,20587","22,97876","0","3","31","Regular","0"
"Alpine A110 GT4","303","Ville Synkkanen (SYN)","","147","32","27,9743709564209","","0L","1:54,610","0:32,195","0:37,837","0:44,577","+7,992","+9,796","-0,727","+6,369","OPTIMUM","Dry","26,7068565938069","26,4929588706739","26,8338004371585","26,6812406921676","66,0820307468124","77,0644839344262","79,4477418397086","86,4531060655738","1","247 Km/h","14,8318756073858","1,378883","0","5,484904","0","4,106021","20,16134","22,86346","0","3","31","Regular","0"
"Alpine A110 GT4","303","Ville Synkkanen (SYN)","","148","32","25,6357383728027","","0L","1:54,677","0:32,140","0:37,985","0:44,552","+8,059","+9,863","-0,660","+6,436","OPTIMUM","Dry","26,6899476277372","26,4768783759124","26,8094565145985","26,6777052372263","65,9354957846715","76,9265777372263","79,2447471167883","86,9493593430657","1","247 Km/h","14,6705103969754","1,378883","0","5,484904","0","4,106021","20,11677","22,74818","0","3","31","Regular","0"
"Alpine A110 GT4","303","Ville Synkkanen (SYN)","","149","32","23,310453414917","","0L","1:54,732","0:32,022","0:38,012","0:44,697","+8,114","+9,918","-0,605","+6,491","OPTIMUM","Dry","26,6781383788707","26,4864112568306","26,7889674134791","26,6709953734062","65,8421070491803","77,0555051183971","79,1800501821494","86,9090936976321","1","248 Km/h","16,2242829827916","1,378883","0","5,484904","0","4,106021","20,0722","22,63304","0","3","31","Regular","0"
"Alpine A110 GT4","303","Ville Synkkanen (SYN)","","150","32","20,9745178222656","","0L","1:54,657","0:32,062","0:37,887","0:44,707","+8,039","+9,843","-0,680","+6,416","OPTIMUM","Dry","26,6851492196007","26,4794657168784","26,7852302177858","26,6832337023593","65,9447522867514","77,0127706352087","79,595591814882","87,0661900907441","1","247 Km/h","15,2956896551724","1,378883","0","5,484904","0","4,106021","20,02766","22,51808","0","3","31","Regular","0"
"Alpine A110 GT4","303","Ville Synkkanen (SYN)","","151","32","18,6411838531494","","0L","1:54,847","0:32,357","0:38,085","0:44,405","+8,229","+10,033","-0,490","+6,606","OPTIMUM","Dry","26,6633716515426","26,4543508348457","26,7617768965517","26,6725579128857","65,7474899455535","76,7807414700545","79,3808727767695","86,9845694373866","1","246 Km/h","15,2030155642023","1,378883","0","5,484904","0","4,106021","19,98319","22,40339","0","3","31","Regular","0"
"Alpine A110 GT4","303","Ville Synkkanen (SYN)","","152","32","16,3082427978516","","0L","1:54,920","0:32,087","0:38,152","0:44,680","+8,302","+10,106","-0,417","+6,679","OPTIMUM","Dry","26,643595553539","26,3818414700544","26,7475731578947","26,6343716878403","65,5710578221416","76,4849331941924","79,2624883121597","86,6163676950998","1","248 Km/h","14,9248603351955","1,378883","0","5,484904","0","4,106021","19,93885","22,28905","0","3","31","Regular","0"
"Alpine A110 GT4","303","Ville Synkkanen (SYN)","","153","31","14,0291156768799","","0L","1:55,725","0:32,037","0:38,472","0:45,215","+9,107","+10,911","+0,388","+7,484","OPTIMUM","Dry","26,6055621043165","26,309834352518","26,7374219244604","26,6012328776978","65,2044519064748","75,9546373201439","79,1863196043166","86,3007424820144","1","248 Km/h","17,095153256705","1,378883","0","5,484904","0","4,106021","19,89465","22,1751","0","3","31","Regular","0"
"Alpine A110 GT4","303","Ville Synkkanen (SYN)","","154","31","11,7057228088379","","0L","1:55,045","0:32,082","0:38,182","0:44,780","+8,427","+10,231","-0,292","+6,804","OPTIMUM","Dry","26,5600626860254","26,2465338475499","26,7224928130672","26,5700785480944","64,7599814519056","75,3247376406534","79,0602918693285","86,0057018148821","1","248 Km/h","15,1483996120272","1,378883","0","5,484904","0","4,106021","19,85065","22,06164","0","3","31","Regular","0"
"Alpine A110 GT4","303","Ville Synkkanen (SYN)","","155","31","9,35772514343262","","0L","1:55,252","0:32,462","0:38,097","0:44,692","+8,634","+10,438","-0,085","+7,011","OPTIMUM","Dry","26,560392400722","26,2582585198556","26,7094206498195","26,58633066787","64,7927166787004","75,4761712093863","78,9534256859206","86,2042987184116","1","248 Km/h","15,5706603773585","1,378883","0","5,484904","0","4,106021","19,80688","21,94873","0","3","31","Regular","0"
"Alpine A110 GT4","303","Ville Synkkanen (SYN)","","156","31","7,04614019393921","Invalid lap. ","0L","1:55,715","0:32,247","0:38,607","0:44,860","+9,097","+10,901","+0,378","+7,474","OPTIMUM","Dry","26,585764972973","26,311062954955","26,7256647207207","26,6269474054054","65,0862332612613","76,0554355135135","79,1518493333333","86,656606036036","1","248 Km/h","15,0961277831559","1,378883","0","5,484904","0","4,106021","19,76335","21,83638","0","3","31","Regular","0"
"Alpine A110 GT4","303","Ville Synkkanen (SYN)","","157","32","4,86849164962769","","0L","2:07,922","0:32,272","0:38,217","0:57,432","+21,304","+23,108","+12,585","+19,681","OPTIMUM","Dry","26,5785325122349","26,2355065905383","26,7308957585644","26,5829185154976","65,0415296574225","75,2990281892333","79,236976639478","86,2286075203915","1","247 Km/h","15,623352165725","1,378883","0","5,484904","0","4,106021","19,71451","21,71016","0","3","31","Inlap","0"
"Alpine A110 GT4","303","Lorenzo Tresoldi (TRE)","","158","32","0","Invalid lap. ","0L","2:42,749","","0:38,632","0:44,940","+56,131","+57,935","+47,412","+54,508","","Wet","0","0","0","0","0","0","0","0","1","0 Km/h","0","0","0","0","0","0","0","0","0","3","1","Outlap","0"
"Alpine A110 GT4","303","Lorenzo Tresoldi (TRE)","","159","32","0","","0L","1:55,132","0:32,012","0:38,255","0:44,865","+8,514","+10,318","-0,205","+6,891","","Wet","0","0","0","0","0","0","0","0","1","0 Km/h","0","0","0","0","0","0","0","0","0","3","1","Regular","0"
"Alpine A110 GT4","303","Lorenzo Tresoldi (TRE)","","160","31","0","","0L","1:55,370","0:32,085","0:38,080","0:45,205","+8,752","+10,556","+0,033","+7,129","","Wet","0","0","0","0","0","0","0","0","1","0 Km/h","0","0","0","0","0","0","0","0","0","3","1","Regular","0"
"Alpine A110 GT4","303","Lorenzo Tresoldi (TRE)","","161","31","0","","0L","1:54,585","0:32,020","0:37,822","0:44,742","+7,967","+9,771","-0,752","+6,344","","Wet","0","0","0","0","0","0","0","0","1","0 Km/h","0","0","0","0","0","0","0","0","0","3","1","Regular","0"
"Alpine A110 GT4","303","Lorenzo Tresoldi (TRE)","","162","31","0","","0L","1:55,272","0:32,112","0:38,312","0:44,847","+8,654","+10,458","-0,065","+7,031","","Wet","0","0","0","0","0","0","0","0","1","0 Km/h","0","0","0","0","0","0","0","0","0","3","1","Regular","0"
"Alpine A110 GT4","303","Lorenzo Tresoldi (TRE)","","163","31","0","","0L","1:56,067","0:32,010","0:39,067","0:44,990","+9,449","+11,253","+0,730","+7,826","","Wet","0","0","0","0","0","0","0","0","1","0 Km/h","0","0","0","0","0","0","0","0","0","3","1","Regular","0"
"Alpine A110 GT4","303","Lorenzo Tresoldi (TRE)","","164","31","0","Invalid lap. ","0L","1:56,587","0:32,125","0:39,030","0:45,432","+9,969","+11,773","+1,250","+8,346","","Wet","0","0","0","0","0","0","0","0","1","0 Km/h","0","0","0","0","0","0","0","0","0","3","1","Regular","0"
"Alpine A110 GT4","303","Lorenzo Tresoldi (TRE)","","165","31","0","","0L","1:55,012","0:32,017","0:38,190","0:44,805","+8,394","+10,198","-0,325","+6,771","","Wet","0","0","0","0","0","0","0","0","1","0 Km/h","0","0","0","0","0","0","0","0","0","3","1","Regular","0"
"Alpine A110 GT4","303","Lorenzo Tresoldi (TRE)","","166","31","0","","0L","1:56,892","0:32,550","0:38,992","0:45,350","+10,274","+12,078","+1,555","+8,651","","Wet","0","0","0","0","0","0","0","0","1","0 Km/h","0","0","0","0","0","0","0","0","0","3","1","Regular","0"
"Alpine A110 GT4","303","Lorenzo Tresoldi (TRE)","","167","31","0","Invalid lap. ","0L","1:55,955","0:32,445","0:38,330","0:45,180","+9,337","+11,141","+0,618","+7,714","","Wet","0","0","0","0","0","0","0","0","1","0 Km/h","0","0","0","0","0","0","0","0","0","3","1","Regular","0"
"Alpine A110 GT4","303","Lorenzo Tresoldi (TRE)","","168","31","0","Invalid lap. ","0L","1:55,692","0:32,157","0:38,745","0:44,790","+9,074","+10,878","+0,355","+7,451","","Wet","0","0","0","0","0","0","0","0","1","0 Km/h","0","0","0","0","0","0","0","0","0","3","1","Regular","0"
"Alpine A110 GT4","303","Lorenzo Tresoldi (TRE)","","169","31","0","Invalid lap. ","0L","1:55,640","0:31,972","0:38,395","0:45,272","+9,022","+10,826","+0,303","+7,399","","Wet","0","0","0","0","0","0","0","0","1","0 Km/h","0","0","0","0","0","0","0","0","0","3","1","Regular","0"
"Alpine A110 GT4","303","Lorenzo Tresoldi (TRE)","","170","31","0","","0L","1:55,557","0:32,062","0:38,417","0:45,077","+8,939","+10,743","+0,220","+7,316","","Wet","0","0","0","0","0","0","0","0","1","0 Km/h","0","0","0","0","0","0","0","0","0","3","1","Regular","0"
"Alpine A110 GT4","303","Lorenzo Tresoldi (TRE)","","171","31","0","Invalid lap. ","0L","1:56,507","0:32,212","0:38,605","0:45,690","+9,889","+11,693","+1,170","+8,266","","Wet","0","0","0","0","0","0","0","0","1","0 Km/h","0","0","0","0","0","0","0","0","0","3","1","Regular","0"
"Alpine A110 GT4","303","Lorenzo Tresoldi (TRE)","","172","31","0","Invalid lap. ","0L","1:55,897","0:32,210","0:38,190","0:45,497","+9,279","+11,083","+0,560","+7,656","","Wet","0","0","0","0","0","0","0","0","1","0 Km/h","0","0","0","0","0","0","0","0","0","3","1","Regular","0"
"Alpine A110 GT4","303","Lorenzo Tresoldi (TRE)","","173","31","0","","0L","1:55,827","0:32,150","0:38,647","0:45,030","+9,209","+11,013","+0,490","+7,586","","Wet","0","0","0","0","0","0","0","0","1","0 Km/h","0","0","0","0","0","0","0","0","0","3","1","Regular","0"
"Alpine A110 GT4","303","Lorenzo Tresoldi (TRE)","","174","31","0","Invalid lap. ","0L","1:56,422","0:32,402","0:38,395","0:45,625","+9,804","+11,608","+1,085","+8,181","","Wet","0","0","0","0","0","0","0","0","1","0 Km/h","0","0","0","0","0","0","0","0","0","3","1","Regular","0"
"Alpine A110 GT4","303","Lorenzo Tresoldi (TRE)","","175","31","0","","0L","1:55,262","0:32,082","0:38,335","0:44,845","+8,644","+10,448","-0,075","+7,021","","Wet","0","0","0","0","0","0","0","0","1","0 Km/h","0","0","0","0","0","0","0","0","0","3","1","Regular","0"
"Alpine A110 GT4","303","Lorenzo Tresoldi (TRE)","","176","31","0","Invalid lap. ","0L","1:55,647","0:32,327","0:38,335","0:44,985","+9,029","+10,833","+0,310","+7,406","","Wet","0","0","0","0","0","0","0","0","1","0 Km/h","0","0","0","0","0","0","0","0","0","3","1","Regular","0"
"Alpine A110 GT4","303","Lorenzo Tresoldi (TRE)","","177","31","0","","0L","1:56,410","0:32,487","0:38,685","0:45,237","+9,792","+11,596","+1,073","+8,169","","Wet","0","0","0","0","0","0","0","0","1","0 Km/h","0","0","0","0","0","0","0","0","0","3","1","Regular","0"
"Alpine A110 GT4","303","Lorenzo Tresoldi (TRE)","","178","31","0","","0L","1:55,742","0:32,442","0:38,252","0:45,047","+9,124","+10,928","+0,405","+7,501","","Wet","0","0","0","0","0","0","0","0","1","0 Km/h","0","0","0","0","0","0","0","0","0","3","1","Regular","0"
"Alpine A110 GT4","303","Lorenzo Tresoldi (TRE)","","179","31","0","","0L","1:56,642","0:32,685","0:38,772","0:45,185","+10,024","+11,828","+1,305","+8,401","","Wet","0","0","0","0","0","0","0","0","1","0 Km/h","0","0","0","0","0","0","0","0","0","3","1","Regular","0"
"Alpine A110 GT4","303","Lorenzo Tresoldi (TRE)","","180","31","0","","0L","1:55,512","0:31,977","0:38,400","0:45,135","+8,894","+10,698","+0,175","+7,271","","Wet","0","0","0","0","0","0","0","0","1","0 Km/h","0","0","0","0","0","0","0","0","0","3","1","Regular","0"
"Alpine A110 GT4","303","Lorenzo Tresoldi (TRE)","","181","31","0","","0L","1:56,370","0:32,217","0:38,985","0:45,167","+9,752","+11,556","+1,033","+8,129","","Wet","0","0","0","0","0","0","0","0","1","0 Km/h","0","0","0","0","0","0","0","0","0","3","1","Regular","0"
"Alpine A110 GT4","303","Lorenzo Tresoldi (TRE)","","182","31","0","","0L","1:56,165","0:32,037","0:38,692","0:45,435","+9,547","+11,351","+0,828","+7,924","","Wet","0","0","0","0","0","0","0","0","1","0 Km/h","0","0","0","0","0","0","0","0","0","3","1","Regular","0"
"Alpine A110 GT4","303","Lorenzo Tresoldi (TRE)","","183","31","0","","0L","1:55,887","0:32,707","0:38,312","0:44,867","+9,269","+11,073","+0,550","+7,646","","Wet","0","0","0","0","0","0","0","0","1","0 Km/h","0","0","0","0","0","0","0","0","0","3","1","Regular","0"
"Alpine A110 GT4","303","Lorenzo Tresoldi (TRE)","","184","32","0","","0L","1:56,802","0:32,070","0:39,027","0:45,705","+10,184","+11,988","+1,465","+8,561","","Wet","0","0","0","0","0","0","0","0","1","0 Km/h","0","0","0","0","0","0","0","0","0","3","1","Regular","0"
"Alpine A110 GT4","303","Lorenzo Tresoldi (TRE)","","185","32","0","","0L","1:55,877","0:32,150","0:38,725","0:45,002","+9,259","+11,063","+0,540","+7,636","","Wet","0","0","0","0","0","0","0","0","1","0 Km/h","0","0","0","0","0","0","0","0","0","3","1","Regular","0"
